date,rad
2022-05-10 6:00,0.01
2022-05-10 7:00,0.24
2022-05-10 8:00,0.79
2022-05-10 9:00,1.93
2022-05-10 10:00,2.66
2022-05-10 11:00,3.15
2022-05-10 12:00,3.57
2022-05-10 13:00,3.63
2022-05-10 14:00,3.5
2022-05-10 15:00,3.13
2022-05-10 16:00,2.59
2022-05-10 17:00,1.96
2022-05-10 18:00,1.16
2022-05-10 19:00,0.35
2022-05-10 20:00,0.02
2022-05-11 6:00,0.01
2022-05-11 7:00,0.27
2022-05-11 8:00,0.55
2022-05-11 9:00,1.24
2022-05-11 10:00,1.66
2022-05-11 11:00,2.84
2022-05-11 12:00,2.76
2022-05-11 13:00,2.69
2022-05-11 14:00,2.35
2022-05-11 15:00,2.32
2022-05-11 16:00,1.93
2022-05-11 17:00,0.81
2022-05-11 18:00,0.4
2022-05-11 19:00,0.18
2022-05-11 20:00,0.01
2022-05-12 6:00,0.0
2022-05-12 7:00,0.15
2022-05-12 8:00,0.49
2022-05-12 9:00,0.97
2022-05-12 10:00,1.42
2022-05-12 11:00,1.68
2022-05-12 12:00,2.21
2022-05-12 13:00,3.41
2022-05-12 14:00,2.94
2022-05-12 15:00,2.22
2022-05-12 16:00,1.86
2022-05-12 17:00,0.33
2022-05-12 18:00,0.23
2022-05-12 19:00,0.12
2022-05-12 20:00,0.02
2022-05-13 6:00,0.01
2022-05-13 7:00,0.24
2022-05-13 8:00,0.79
2022-05-13 9:00,0.93
2022-05-13 10:00,0.79
2022-05-13 11:00,1.51
2022-05-13 12:00,1.65
2022-05-13 13:00,0.64
2022-05-13 14:00,0.39
2022-05-13 15:00,0.52
2022-05-13 16:00,0.94
2022-05-13 17:00,0.83
2022-05-13 18:00,0.4
2022-05-13 19:00,0.28
2022-05-13 20:00,0.05
2022-05-14 6:00,0.04
2022-05-14 7:00,0.49
2022-05-14 8:00,1.2
2022-05-14 9:00,1.93
2022-05-14 10:00,2.59
2022-05-14 11:00,3.08
2022-05-14 12:00,3.17
2022-05-14 13:00,3.38
2022-05-14 14:00,3.46
2022-05-14 15:00,2.42
2022-05-14 16:00,1.83
2022-05-14 17:00,1.49
2022-05-14 18:00,1.0
2022-05-14 19:00,0.22
2022-05-14 20:00,0.02
2022-05-15 6:00,0.02
2022-05-15 7:00,0.34
2022-05-15 8:00,1.01
2022-05-15 9:00,1.95
2022-05-15 10:00,2.71
2022-05-15 11:00,3.17
2022-05-15 12:00,3.64
2022-05-15 13:00,3.66
2022-05-15 14:00,3.43
2022-05-15 15:00,3.08
2022-05-15 16:00,2.62
2022-05-15 17:00,1.92
2022-05-15 18:00,1.12
2022-05-15 19:00,0.45
2022-05-15 20:00,0.04
2022-05-16 6:00,0.04
2022-05-16 7:00,0.53
2022-05-16 8:00,1.28
2022-05-16 9:00,2.01
2022-05-16 10:00,2.66
2022-05-16 11:00,3.16
2022-05-16 12:00,3.43
2022-05-16 13:00,3.56
2022-05-16 14:00,3.41
2022-05-16 15:00,3.08
2022-05-16 16:00,2.57
2022-05-16 17:00,1.91
2022-05-16 18:00,1.16
2022-05-16 19:00,0.46
2022-05-16 20:00,0.04
2022-05-17 6:00,0.04
2022-05-17 7:00,0.46
2022-05-17 8:00,1.15
2022-05-17 9:00,1.89
2022-05-17 10:00,2.55
2022-05-17 11:00,3.05
2022-05-17 12:00,3.37
2022-05-17 13:00,3.47
2022-05-17 14:00,3.35
2022-05-17 15:00,3.0
2022-05-17 16:00,2.5
2022-05-17 17:00,1.89
2022-05-17 18:00,1.13
2022-05-17 19:00,0.41
2022-05-17 20:00,0.04
2022-05-18 6:00,0.03
2022-05-18 7:00,0.42
2022-05-18 8:00,1.07
2022-05-18 9:00,1.8
2022-05-18 10:00,2.47
2022-05-18 11:00,2.68
2022-05-18 12:00,2.5
2022-05-18 13:00,2.78
2022-05-18 14:00,3.25
2022-05-18 15:00,2.95
2022-05-18 16:00,2.46
2022-05-18 17:00,1.81
2022-05-18 18:00,1.1
2022-05-18 19:00,0.42
2022-05-18 20:00,0.04
2022-05-19 6:00,0.05
2022-05-19 7:00,0.42
2022-05-19 8:00,0.82
2022-05-19 9:00,1.25
2022-05-19 10:00,1.56
2022-05-19 11:00,1.61
2022-05-19 12:00,1.97
2022-05-19 13:00,1.69
2022-05-19 14:00,1.87
2022-05-19 15:00,1.43
2022-05-19 16:00,1.8
2022-05-19 17:00,1.8
2022-05-19 18:00,0.72
2022-05-19 19:00,0.38
2022-05-19 20:00,0.04
2022-05-20 6:00,0.02
2022-05-20 7:00,0.37
2022-05-20 8:00,0.79
2022-05-20 9:00,1.16
2022-05-20 10:00,1.55
2022-05-20 11:00,1.78
2022-05-20 12:00,3.21
2022-05-20 13:00,3.39
2022-05-20 14:00,3.34
2022-05-20 15:00,2.88
2022-05-20 16:00,2.55
2022-05-20 17:00,1.85
2022-05-20 18:00,1.12
2022-05-20 19:00,0.45
2022-05-20 20:00,0.03
2022-05-21 6:00,0.04
2022-05-21 7:00,0.44
2022-05-21 8:00,1.12
2022-05-21 9:00,1.85
2022-05-21 10:00,2.52
2022-05-21 11:00,2.98
2022-05-21 12:00,3.43
2022-05-21 13:00,2.87
2022-05-21 14:00,3.12
2022-05-21 15:00,2.32
2022-05-21 16:00,2.42
2022-05-21 17:00,1.72
2022-05-21 18:00,1.24
2022-05-21 19:00,0.47
2022-05-21 20:00,0.04
2022-05-22 6:00,0.04
2022-05-22 7:00,0.44
2022-05-22 8:00,1.09
2022-05-22 9:00,1.82
2022-05-22 10:00,2.45
2022-05-22 11:00,2.9
2022-05-22 12:00,3.28
2022-05-22 13:00,3.41
2022-05-22 14:00,3.32
2022-05-22 15:00,3.04
2022-05-22 16:00,2.48
2022-05-22 17:00,1.84
2022-05-22 18:00,1.14
2022-05-22 19:00,0.48
2022-05-22 20:00,0.04
2022-05-23 6:00,0.04
2022-05-23 7:00,0.42
2022-05-23 8:00,1.06
2022-05-23 9:00,1.78
2022-05-23 10:00,2.45
2022-05-23 11:00,2.94
2022-05-23 12:00,3.19
2022-05-23 13:00,3.18
2022-05-23 14:00,2.94
2022-05-23 15:00,2.43
2022-05-23 16:00,2.0
2022-05-23 17:00,1.35
2022-05-23 18:00,0.72
2022-05-23 19:00,0.47
2022-05-23 20:00,0.06
2022-05-24 6:00,0.05
2022-05-24 7:00,0.5
2022-05-24 8:00,1.2
2022-05-24 9:00,1.92
2022-05-24 10:00,2.6
2022-05-24 11:00,3.12
2022-05-24 12:00,3.37
2022-05-24 13:00,3.48
2022-05-24 14:00,3.38
2022-05-24 15:00,3.07
2022-05-24 16:00,2.57
2022-05-24 17:00,1.87
2022-05-24 18:00,1.13
2022-05-24 19:00,0.45
2022-05-24 20:00,0.04
2022-05-25 6:00,0.05
2022-05-25 7:00,0.48
2022-05-25 8:00,1.14
2022-05-25 9:00,1.84
2022-05-25 10:00,2.49
2022-05-25 11:00,2.97
2022-05-25 12:00,3.17
2022-05-25 13:00,3.39
2022-05-25 14:00,2.75
2022-05-25 15:00,1.95
2022-05-25 16:00,2.28
2022-05-25 17:00,1.32
2022-05-25 18:00,0.76
2022-05-25 19:00,0.31
2022-05-25 20:00,0.03
2022-05-26 6:00,0.06
2022-05-26 7:00,0.43
2022-05-26 8:00,1.32
2022-05-26 9:00,1.99
2022-05-26 10:00,2.69
2022-05-26 11:00,3.21
2022-05-26 12:00,3.54
2022-05-26 13:00,3.61
2022-05-26 14:00,3.12
2022-05-26 15:00,3.02
2022-05-26 16:00,2.36
2022-05-26 17:00,1.68
2022-05-26 18:00,1.29
2022-05-26 19:00,0.57
2022-05-26 20:00,0.07
2022-05-27 6:00,0.06
2022-05-27 7:00,0.26
2022-05-27 8:00,1.2
2022-05-27 9:00,2.01
2022-05-27 10:00,2.6
2022-05-27 11:00,2.92
2022-05-27 12:00,3.36
2022-05-27 13:00,3.45
2022-05-27 14:00,3.51
2022-05-27 15:00,3.22
2022-05-27 16:00,2.67
2022-05-27 17:00,2.04
2022-05-27 18:00,1.31
2022-05-27 19:00,0.59
2022-05-27 20:00,0.06
2022-05-28 6:00,0.08
2022-05-28 7:00,0.54
2022-05-28 8:00,1.16
2022-05-28 9:00,1.64
2022-05-28 10:00,1.94
2022-05-28 11:00,2.28
2022-05-28 12:00,2.4
2022-05-28 13:00,2.43
2022-05-28 14:00,2.66
2022-05-28 15:00,2.79
2022-05-28 16:00,2.6
2022-05-28 17:00,2.04
2022-05-28 18:00,1.28
2022-05-28 19:00,0.55
2022-05-28 20:00,0.06
2022-05-29 6:00,0.06
2022-05-29 7:00,0.56
2022-05-29 8:00,1.29
2022-05-29 9:00,2.05
2022-05-29 10:00,2.71
2022-05-29 11:00,3.06
2022-05-29 12:00,3.18
2022-05-29 13:00,3.11
2022-05-29 14:00,2.46
2022-05-29 15:00,2.88
2022-05-29 16:00,2.75
2022-05-29 17:00,1.97
2022-05-29 18:00,1.24
2022-05-29 19:00,0.54
2022-05-29 20:00,0.06
2022-05-30 6:00,0.02
2022-05-30 7:00,0.21
2022-05-30 8:00,0.56
2022-05-30 9:00,1.02
2022-05-30 10:00,0.93
2022-05-30 11:00,2.15
2022-05-30 12:00,1.43
2022-05-30 13:00,1.24
2022-05-30 14:00,1.1
2022-05-30 15:00,1.2
2022-05-30 16:00,0.53
2022-05-30 17:00,0.33
2022-05-30 18:00,0.22
2022-05-30 19:00,0.08
2022-05-30 20:00,0.02
2022-05-31 6:00,0.08
2022-05-31 7:00,0.62
2022-05-31 8:00,1.35
2022-05-31 9:00,2.06
2022-05-31 10:00,2.65
2022-05-31 11:00,3.09
2022-05-31 12:00,3.4
2022-05-31 13:00,3.53
2022-05-31 14:00,3.39
2022-05-31 15:00,3.07
2022-05-31 16:00,2.6
2022-05-31 17:00,1.95
2022-05-31 18:00,1.23
2022-05-31 19:00,0.4
2022-05-31 20:00,0.05
2022-06-01 6:00,0.07
2022-06-01 7:00,0.56
2022-06-01 8:00,1.12
2022-06-01 9:00,2.01
2022-06-01 10:00,2.62
2022-06-01 11:00,3.1
2022-06-01 12:00,3.45
2022-06-01 13:00,3.59
2022-06-01 14:00,3.47
2022-06-01 15:00,3.18
2022-06-01 16:00,2.72
2022-06-01 17:00,2.08
2022-06-01 18:00,1.37
2022-06-01 19:00,0.61
2022-06-01 20:00,0.08
2022-06-02 6:00,0.08
2022-06-02 7:00,0.53
2022-06-02 8:00,1.26
2022-06-02 9:00,2.01
2022-06-02 10:00,2.61
2022-06-02 11:00,3.08
2022-06-02 12:00,3.43
2022-06-02 13:00,3.55
2022-06-02 14:00,3.33
2022-06-02 15:00,3.04
2022-06-02 16:00,2.53
2022-06-02 17:00,1.92
2022-06-02 18:00,1.21
2022-06-02 19:00,0.52
2022-06-02 20:00,0.07
2022-06-03 6:00,0.02
2022-06-03 7:00,0.27
2022-06-03 8:00,0.54
2022-06-03 9:00,1.62
2022-06-03 10:00,2.52
2022-06-03 11:00,3.0
2022-06-03 12:00,3.32
2022-06-03 13:00,3.45
2022-06-03 14:00,3.31
2022-06-03 15:00,3.0
2022-06-03 16:00,2.43
2022-06-03 17:00,1.91
2022-06-03 18:00,1.22
2022-06-03 19:00,0.51
2022-06-03 20:00,0.09
2022-06-04 6:00,0.08
2022-06-04 7:00,0.43
2022-06-04 8:00,1.04
2022-06-04 9:00,1.76
2022-06-04 10:00,2.31
2022-06-04 11:00,2.72
2022-06-04 12:00,2.73
2022-06-04 13:00,2.81
2022-06-04 14:00,2.76
2022-06-04 15:00,2.11
2022-06-04 16:00,1.14
2022-06-04 17:00,0.97
2022-06-04 18:00,0.53
2022-06-04 19:00,0.25
2022-06-04 20:00,0.04
2022-06-05 6:00,0.0
2022-06-05 7:00,0.06
2022-06-05 8:00,0.21
2022-06-05 9:00,0.54
2022-06-05 10:00,0.52
2022-06-05 11:00,0.64
2022-06-05 12:00,0.74
2022-06-05 13:00,0.75
2022-06-05 14:00,0.61
2022-06-05 15:00,0.46
2022-06-05 16:00,0.37
2022-06-05 17:00,0.22
2022-06-05 18:00,0.11
2022-06-05 19:00,0.04
2022-06-05 20:00,0.01
2022-06-06 6:00,0.02
2022-06-06 7:00,0.37
2022-06-06 8:00,0.57
2022-06-06 9:00,0.79
2022-06-06 10:00,0.83
2022-06-06 11:00,0.56
2022-06-06 12:00,0.69
2022-06-06 13:00,1.09
2022-06-06 14:00,1.56
2022-06-06 15:00,2.4
2022-06-06 16:00,1.25
2022-06-06 17:00,1.1
2022-06-06 18:00,1.15
2022-06-06 19:00,0.62
2022-06-06 20:00,0.09
2022-06-07 6:00,0.07
2022-06-07 7:00,0.54
2022-06-07 8:00,1.18
2022-06-07 9:00,1.36
2022-06-07 10:00,1.16
2022-06-07 11:00,0.87
2022-06-07 12:00,0.4
2022-06-07 13:00,0.39
2022-06-07 14:00,0.48
2022-06-07 15:00,0.38
2022-06-07 16:00,0.36
2022-06-07 17:00,0.26
2022-06-07 18:00,0.33
2022-06-07 19:00,0.18
2022-06-07 20:00,0.04
2022-06-08 6:00,0.08
2022-06-08 7:00,0.57
2022-06-08 8:00,0.73
2022-06-08 9:00,1.19
2022-06-08 10:00,1.48
2022-06-08 11:00,2.0
2022-06-08 12:00,2.65
2022-06-08 13:00,3.56
2022-06-08 14:00,3.35
2022-06-08 15:00,3.33
2022-06-08 16:00,2.67
2022-06-08 17:00,2.07
2022-06-08 18:00,1.09
2022-06-08 19:00,0.2
2022-06-08 20:00,0.03
2022-06-09 6:00,0.02
2022-06-09 7:00,0.35
2022-06-09 8:00,0.64
2022-06-09 9:00,1.53
2022-06-09 10:00,1.71
2022-06-09 11:00,2.45
2022-06-09 12:00,2.9
2022-06-09 13:00,3.4
2022-06-09 14:00,2.36
2022-06-09 15:00,1.83
2022-06-09 16:00,0.96
2022-06-09 17:00,1.5
2022-06-09 18:00,0.83
2022-06-09 19:00,0.46
2022-06-09 20:00,0.05
2022-06-10 6:00,0.05
2022-06-10 7:00,0.43
2022-06-10 8:00,1.07
2022-06-10 9:00,1.77
2022-06-10 10:00,2.32
2022-06-10 11:00,2.84
2022-06-10 12:00,2.93
2022-06-10 13:00,2.3
2022-06-10 14:00,2.58
2022-06-10 15:00,1.94
2022-06-10 16:00,1.22
2022-06-10 17:00,0.96
2022-06-10 18:00,0.69
2022-06-10 19:00,0.37
2022-06-10 20:00,0.07
2022-06-11 6:00,0.02
2022-06-11 7:00,0.21
2022-06-11 8:00,0.71
2022-06-11 9:00,1.53
2022-06-11 10:00,2.42
2022-06-11 11:00,2.86
2022-06-11 12:00,3.12
2022-06-11 13:00,3.11
2022-06-11 14:00,2.98
2022-06-11 15:00,2.24
2022-06-11 16:00,2.28
2022-06-11 17:00,0.82
2022-06-11 18:00,0.75
2022-06-11 19:00,0.28
2022-06-11 20:00,0.1
2022-06-12 6:00,0.06
2022-06-12 7:00,0.46
2022-06-12 8:00,1.16
2022-06-12 9:00,1.86
2022-06-12 10:00,2.53
2022-06-12 11:00,2.87
2022-06-12 12:00,3.14
2022-06-12 13:00,2.68
2022-06-12 14:00,1.38
2022-06-12 15:00,1.77
2022-06-12 16:00,1.8
2022-06-12 17:00,1.3
2022-06-12 18:00,0.66
2022-06-12 19:00,0.23
2022-06-12 20:00,0.05
2022-06-13 6:00,0.05
2022-06-13 7:00,0.33
2022-06-13 8:00,0.92
2022-06-13 9:00,1.52
2022-06-13 10:00,2.17
2022-06-13 11:00,2.91
2022-06-13 12:00,2.6
2022-06-13 13:00,2.77
2022-06-13 14:00,2.8
2022-06-13 15:00,2.88
2022-06-13 16:00,2.65
2022-06-13 17:00,1.77
2022-06-13 18:00,1.07
2022-06-13 19:00,0.57
2022-06-13 20:00,0.12
2022-06-14 6:00,0.02
2022-06-14 7:00,0.12
2022-06-14 8:00,0.26
2022-06-14 9:00,0.42
2022-06-14 10:00,0.71
2022-06-14 11:00,1.38
2022-06-14 12:00,0.92
2022-06-14 13:00,0.46
2022-06-14 14:00,0.58
2022-06-14 15:00,0.86
2022-06-14 16:00,0.78
2022-06-14 17:00,0.48
2022-06-14 18:00,0.28
2022-06-14 19:00,0.1
2022-06-14 20:00,0.02
2022-06-15 6:00,0.01
2022-06-15 7:00,0.13
2022-06-15 8:00,0.16
2022-06-15 9:00,0.23
2022-06-15 10:00,0.16
2022-06-15 11:00,1.65
2022-06-15 12:00,2.09
2022-06-15 13:00,1.53
2022-06-15 14:00,1.54
2022-06-15 15:00,1.41
2022-06-15 16:00,2.13
2022-06-15 17:00,1.93
2022-06-15 18:00,1.12
2022-06-15 19:00,0.36
2022-06-15 20:00,0.04
2022-06-16 6:00,0.04
2022-06-16 7:00,0.29
2022-06-16 8:00,0.39
2022-06-16 9:00,0.49
2022-06-16 10:00,1.79
2022-06-16 11:00,2.32
2022-06-16 12:00,2.61
2022-06-16 13:00,3.33
2022-06-16 14:00,2.93
2022-06-16 15:00,2.82
2022-06-16 16:00,3.01
2022-06-16 17:00,2.07
2022-06-16 18:00,1.3
2022-06-16 19:00,0.66
2022-06-16 20:00,0.12
2022-06-17 6:00,0.06
2022-06-17 7:00,0.47
2022-06-17 8:00,1.09
2022-06-17 9:00,1.4
2022-06-17 10:00,0.7
2022-06-17 11:00,0.93
2022-06-17 12:00,1.9
2022-06-17 13:00,1.38
2022-06-17 14:00,2.34
2022-06-17 15:00,2.57
2022-06-17 16:00,2.44
2022-06-17 17:00,1.9
2022-06-17 18:00,1.05
2022-06-17 19:00,0.24
2022-06-17 20:00,0.03
2022-06-18 6:00,0.05
2022-06-18 7:00,0.29
2022-06-18 8:00,0.8
2022-06-18 9:00,1.79
2022-06-18 10:00,1.65
2022-06-18 11:00,1.49
2022-06-18 12:00,2.32
2022-06-18 13:00,1.99
2022-06-18 14:00,1.31
2022-06-18 15:00,1.01
2022-06-18 16:00,1.78
2022-06-18 17:00,1.88
2022-06-18 18:00,1.18
2022-06-18 19:00,0.51
2022-06-18 20:00,0.09
2022-06-19 6:00,0.04
2022-06-19 7:00,0.18
2022-06-19 8:00,0.37
2022-06-19 9:00,1.07
2022-06-19 10:00,2.02
2022-06-19 11:00,1.18
2022-06-19 12:00,1.19
2022-06-19 13:00,1.77
2022-06-19 14:00,1.78
2022-06-19 15:00,1.63
2022-06-19 16:00,1.6
2022-06-19 17:00,0.93
2022-06-19 18:00,0.54
2022-06-19 19:00,0.22
2022-06-19 20:00,0.04
2022-06-20 6:00,0.04
2022-06-20 7:00,0.26
2022-06-20 8:00,0.76
2022-06-20 9:00,1.01
2022-06-20 10:00,1.58
2022-06-20 11:00,2.8
2022-06-20 12:00,2.73
2022-06-20 13:00,3.31
2022-06-20 14:00,3.14
2022-06-20 15:00,2.96
2022-06-20 16:00,2.09
2022-06-20 17:00,1.91
2022-06-20 18:00,1.02
2022-06-20 19:00,0.51
2022-06-20 20:00,0.09
2022-06-21 6:00,0.05
2022-06-21 7:00,0.43
2022-06-21 8:00,1.05
2022-06-21 9:00,1.76
2022-06-21 10:00,2.42
2022-06-21 11:00,2.93
2022-06-21 12:00,3.23
2022-06-21 13:00,3.37
2022-06-21 14:00,2.78
2022-06-21 15:00,2.96
2022-06-21 16:00,2.39
2022-06-21 17:00,1.87
2022-06-21 18:00,1.18
2022-06-21 19:00,0.54
2022-06-21 20:00,0.1
2022-06-22 6:00,0.02
2022-06-22 7:00,0.17
2022-06-22 8:00,0.47
2022-06-22 9:00,1.57
2022-06-22 10:00,2.47
2022-06-22 11:00,3.01
2022-06-22 12:00,3.26
2022-06-22 13:00,3.41
2022-06-22 14:00,3.33
2022-06-22 15:00,2.89
2022-06-22 16:00,2.46
2022-06-22 17:00,1.95
2022-06-22 18:00,1.26
2022-06-22 19:00,0.6
2022-06-22 20:00,0.08
2022-06-23 6:00,0.07
2022-06-23 7:00,0.51
2022-06-23 8:00,0.89
2022-06-23 9:00,0.94
2022-06-23 10:00,1.25
2022-06-23 11:00,1.38
2022-06-23 12:00,0.51
2022-06-23 13:00,0.28
2022-06-23 14:00,0.16
2022-06-23 15:00,0.31
2022-06-23 16:00,0.3
2022-06-23 17:00,0.18
2022-06-23 18:00,0.22
2022-06-23 19:00,0.05
2022-06-23 20:00,0.01
2022-06-24 6:00,0.01
2022-06-24 7:00,0.06
2022-06-24 8:00,0.28
2022-06-24 9:00,1.21
2022-06-24 10:00,2.22
2022-06-24 11:00,2.63
2022-06-24 12:00,1.87
2022-06-24 13:00,1.95
2022-06-24 14:00,2.86
2022-06-24 15:00,3.1
2022-06-24 16:00,2.77
2022-06-24 17:00,1.95
2022-06-24 18:00,1.16
2022-06-24 19:00,0.38
2022-06-24 20:00,0.11
2022-06-25 6:00,0.05
2022-06-25 7:00,0.18
2022-06-25 8:00,0.39
2022-06-25 9:00,1.49
2022-06-25 10:00,1.35
2022-06-25 11:00,2.23
2022-06-25 12:00,2.94
2022-06-25 13:00,3.33
2022-06-25 14:00,3.18
2022-06-25 15:00,3.13
2022-06-25 16:00,2.69
2022-06-25 17:00,1.92
2022-06-25 18:00,1.31
2022-06-25 19:00,0.59
2022-06-25 20:00,0.09
2022-06-26 6:00,0.03
2022-06-26 7:00,0.27
2022-06-26 8:00,0.45
2022-06-26 9:00,0.4
2022-06-26 10:00,0.93
2022-06-26 11:00,1.95
2022-06-26 12:00,0.62
2022-06-26 13:00,0.94
2022-06-26 14:00,0.74
2022-06-26 15:00,1.02
2022-06-26 16:00,0.87
2022-06-26 17:00,1.13
2022-06-26 18:00,1.24
2022-06-26 19:00,0.46
2022-06-26 20:00,0.09
2022-06-27 6:00,0.01
2022-06-27 7:00,0.12
2022-06-27 8:00,0.4
2022-06-27 9:00,0.71
2022-06-27 10:00,1.2
2022-06-27 11:00,1.21
2022-06-27 12:00,1.86
2022-06-27 13:00,1.83
2022-06-27 14:00,0.97
2022-06-27 15:00,0.91
2022-06-27 16:00,1.06
2022-06-27 17:00,0.56
2022-06-27 18:00,0.47
2022-06-27 19:00,0.23
2022-06-27 20:00,0.05
2022-06-28 6:00,0.02
2022-06-28 7:00,0.18
2022-06-28 8:00,0.44
2022-06-28 9:00,1.04
2022-06-28 10:00,1.86
2022-06-28 11:00,2.46
2022-06-28 12:00,2.65
2022-06-28 13:00,2.5
2022-06-28 14:00,1.56
2022-06-28 15:00,1.72
2022-06-28 16:00,1.48
2022-06-28 17:00,0.83
2022-06-28 18:00,0.54
2022-06-28 19:00,0.24
2022-06-28 20:00,0.05
2022-06-29 6:00,0.01
2022-06-29 7:00,0.12
2022-06-29 8:00,0.14
2022-06-29 9:00,0.36
2022-06-29 10:00,0.58
2022-06-29 11:00,0.66
2022-06-29 12:00,0.54
2022-06-29 13:00,0.77
2022-06-29 14:00,1.08
2022-06-29 15:00,1.22
2022-06-29 16:00,0.89
2022-06-29 17:00,0.71
2022-06-29 18:00,0.14
2022-06-29 19:00,0.04
2022-06-29 20:00,0.0
2022-06-30 6:00,0.03
2022-06-30 7:00,0.23
2022-06-30 8:00,0.27
2022-06-30 9:00,0.58
2022-06-30 10:00,1.09
2022-06-30 11:00,2.3
2022-06-30 12:00,2.1
2022-06-30 13:00,1.6
2022-06-30 14:00,3.0
2022-06-30 15:00,2.0
2022-06-30 16:00,1.29
2022-06-30 17:00,0.69
2022-06-30 18:00,0.57
2022-06-30 19:00,0.47
2022-06-30 20:00,0.08
2022-07-01 6:00,0.07
2022-07-01 7:00,0.51
2022-07-01 8:00,1.25
2022-07-01 9:00,1.91
2022-07-01 10:00,2.2
2022-07-01 11:00,2.76
2022-07-01 12:00,3.37
2022-07-01 13:00,2.83
2022-07-01 14:00,2.56
2022-07-01 15:00,2.13
2022-07-01 16:00,2.65
2022-07-01 17:00,1.41
2022-07-01 18:00,0.81
2022-07-01 19:00,0.68
2022-07-01 20:00,0.13
2022-07-02 6:00,0.09
2022-07-02 7:00,0.65
2022-07-02 8:00,1.14
2022-07-02 9:00,1.83
2022-07-02 10:00,2.5
2022-07-02 11:00,3.15
2022-07-02 12:00,3.35
2022-07-02 13:00,3.29
2022-07-02 14:00,3.52
2022-07-02 15:00,2.85
2022-07-02 16:00,2.25
2022-07-02 17:00,1.55
2022-07-02 18:00,1.15
2022-07-02 19:00,0.67
2022-07-02 20:00,0.13
2022-07-03 6:00,0.03
2022-07-03 7:00,0.33
2022-07-03 8:00,1.01
2022-07-03 9:00,1.71
2022-07-03 10:00,2.38
2022-07-03 11:00,2.83
2022-07-03 12:00,2.62
2022-07-03 13:00,2.61
2022-07-03 14:00,2.6
2022-07-03 15:00,2.01
2022-07-03 16:00,0.77
2022-07-03 17:00,0.73
2022-07-03 18:00,0.51
2022-07-03 19:00,0.07
2022-07-03 20:00,0.02
2022-07-04 6:00,0.07
2022-07-04 7:00,0.41
2022-07-04 8:00,1.09
2022-07-04 9:00,1.25
2022-07-04 10:00,2.12
2022-07-04 11:00,2.39
2022-07-04 12:00,2.55
2022-07-04 13:00,2.19
2022-07-04 14:00,2.13
2022-07-04 15:00,1.11
2022-07-04 16:00,0.79
2022-07-04 17:00,0.48
2022-07-04 18:00,0.37
2022-07-04 19:00,0.32
2022-07-04 20:00,0.05
2022-07-05 6:00,0.03
2022-07-05 7:00,0.24
2022-07-05 8:00,0.39
2022-07-05 9:00,0.85
2022-07-05 10:00,1.53
2022-07-05 11:00,0.98
2022-07-05 12:00,2.22
2022-07-05 13:00,1.62
2022-07-05 14:00,2.4
2022-07-05 15:00,2.71
2022-07-05 16:00,2.51
2022-07-05 17:00,0.98
2022-07-05 18:00,0.88
2022-07-05 19:00,0.42
2022-07-05 20:00,0.14
2022-07-06 6:00,0.03
2022-07-06 7:00,0.27
2022-07-06 8:00,0.83
2022-07-06 9:00,0.93
2022-07-06 10:00,1.96
2022-07-06 11:00,1.76
2022-07-06 12:00,2.25
2022-07-06 13:00,2.35
2022-07-06 14:00,3.59
2022-07-06 15:00,3.04
2022-07-06 16:00,1.53
2022-07-06 17:00,0.93
2022-07-06 18:00,0.42
2022-07-06 19:00,0.33
2022-07-06 20:00,0.1
2022-07-07 6:00,0.03
2022-07-07 7:00,0.47
2022-07-07 8:00,0.82
2022-07-07 9:00,2.01
2022-07-07 10:00,2.2
2022-07-07 11:00,2.52
2022-07-07 12:00,2.45
2022-07-07 13:00,1.98
2022-07-07 14:00,1.42
2022-07-07 15:00,1.12
2022-07-07 16:00,0.96
2022-07-07 17:00,1.43
2022-07-07 18:00,0.43
2022-07-07 19:00,0.13
2022-07-07 20:00,0.08
2022-07-08 6:00,0.0
2022-07-08 7:00,0.09
2022-07-08 8:00,0.19
2022-07-08 9:00,0.49
2022-07-08 10:00,0.76
2022-07-08 11:00,1.18
2022-07-08 12:00,1.27
2022-07-08 13:00,1.45
2022-07-08 14:00,1.84
2022-07-08 15:00,1.48
2022-07-08 16:00,1.65
2022-07-08 17:00,1.54
2022-07-08 18:00,1.32
2022-07-08 19:00,0.58
2022-07-08 20:00,0.08
2022-07-09 6:00,0.02
2022-07-09 7:00,0.17
2022-07-09 8:00,0.34
2022-07-09 9:00,0.75
2022-07-09 10:00,0.83
2022-07-09 11:00,0.61
2022-07-09 12:00,1.06
2022-07-09 13:00,1.91
2022-07-09 14:00,1.98
2022-07-09 15:00,1.46
2022-07-09 16:00,0.69
2022-07-09 17:00,0.57
2022-07-09 18:00,0.84
2022-07-09 19:00,0.52
2022-07-09 20:00,0.08
2022-07-10 6:00,0.03
2022-07-10 7:00,0.25
2022-07-10 8:00,0.4
2022-07-10 9:00,0.81
2022-07-10 10:00,1.8
2022-07-10 11:00,2.84
2022-07-10 12:00,3.01
2022-07-10 13:00,2.93
2022-07-10 14:00,2.7
2022-07-10 15:00,2.69
2022-07-10 16:00,2.21
2022-07-10 17:00,1.74
2022-07-10 18:00,0.81
2022-07-10 19:00,0.3
2022-07-10 20:00,0.04
2022-07-11 6:00,0.0
2022-07-11 7:00,0.04
2022-07-11 8:00,0.1
2022-07-11 9:00,0.22
2022-07-11 10:00,0.32
2022-07-11 11:00,0.68
2022-07-11 12:00,0.66
2022-07-11 13:00,1.01
2022-07-11 14:00,1.43
2022-07-11 15:00,1.47
2022-07-11 16:00,1.26
2022-07-11 17:00,0.92
2022-07-11 18:00,0.76
2022-07-11 19:00,0.32
2022-07-11 20:00,0.08
2022-07-12 6:00,0.04
2022-07-12 7:00,0.36
2022-07-12 8:00,1.02
2022-07-12 9:00,0.9
2022-07-12 10:00,1.54
2022-07-12 11:00,1.31
2022-07-12 12:00,1.15
2022-07-12 13:00,1.23
2022-07-12 14:00,1.13
2022-07-12 15:00,1.51
2022-07-12 16:00,0.76
2022-07-12 17:00,0.65
2022-07-12 18:00,0.36
2022-07-12 19:00,0.16
2022-07-12 20:00,0.05
2022-07-13 6:00,0.02
2022-07-13 7:00,0.13
2022-07-13 8:00,0.34
2022-07-13 9:00,0.49
2022-07-13 10:00,0.44
2022-07-13 11:00,0.39
2022-07-13 12:00,0.33
2022-07-13 13:00,0.89
2022-07-13 14:00,0.39
2022-07-13 15:00,0.27
2022-07-13 16:00,0.2
2022-07-13 17:00,0.1
2022-07-13 18:00,0.08
2022-07-13 19:00,0.04
2022-07-13 20:00,0.01
2022-07-14 6:00,0.01
2022-07-14 7:00,0.08
2022-07-14 8:00,0.11
2022-07-14 9:00,0.39
2022-07-14 10:00,0.88
2022-07-14 11:00,1.34
2022-07-14 12:00,0.99
2022-07-14 13:00,1.15
2022-07-14 14:00,1.73
2022-07-14 15:00,1.17
2022-07-14 16:00,2.25
2022-07-14 17:00,1.57
2022-07-14 18:00,1.01
2022-07-14 19:00,0.48
2022-07-14 20:00,0.07
2022-07-15 6:00,0.04
2022-07-15 7:00,0.33
2022-07-15 8:00,1.04
2022-07-15 9:00,1.11
2022-07-15 10:00,2.12
2022-07-15 11:00,3.01
2022-07-15 12:00,2.85
2022-07-15 13:00,3.2
2022-07-15 14:00,2.47
2022-07-15 15:00,2.6
2022-07-15 16:00,2.74
2022-07-15 17:00,2.08
2022-07-15 18:00,1.37
2022-07-15 19:00,0.62
2022-07-15 20:00,0.1
2022-07-16 6:00,0.02
2022-07-16 7:00,0.39
2022-07-16 8:00,1.06
2022-07-16 9:00,1.95
2022-07-16 10:00,2.07
2022-07-16 11:00,1.64
2022-07-16 12:00,1.91
2022-07-16 13:00,3.18
2022-07-16 14:00,2.53
2022-07-16 15:00,3.13
2022-07-16 16:00,2.74
2022-07-16 17:00,2.05
2022-07-16 18:00,1.33
2022-07-16 19:00,0.53
2022-07-16 20:00,0.11
2022-07-17 6:00,0.02
2022-07-17 7:00,0.3
2022-07-17 8:00,0.82
2022-07-17 9:00,1.0
2022-07-17 10:00,1.51
2022-07-17 11:00,1.84
2022-07-17 12:00,2.85
2022-07-17 13:00,2.99
2022-07-17 14:00,2.63
2022-07-17 15:00,1.68
2022-07-17 16:00,1.55
2022-07-17 17:00,1.21
2022-07-17 18:00,0.83
2022-07-17 19:00,0.46
2022-07-17 20:00,0.08
2022-07-18 6:00,0.0
2022-07-18 7:00,0.07
2022-07-18 8:00,0.07
2022-07-18 9:00,0.11
2022-07-18 10:00,0.19
2022-07-18 11:00,0.32
2022-07-18 12:00,0.54
2022-07-18 13:00,0.9
2022-07-18 14:00,0.62
2022-07-18 15:00,0.32
2022-07-18 16:00,0.38
2022-07-18 17:00,0.39
2022-07-18 18:00,0.25
2022-07-18 19:00,0.12
2022-07-18 20:00,0.02
2022-07-19 6:00,0.02
2022-07-19 7:00,0.23
2022-07-19 8:00,0.49
2022-07-19 9:00,0.72
2022-07-19 10:00,1.29
2022-07-19 11:00,1.48
2022-07-19 12:00,1.22
2022-07-19 13:00,2.76
2022-07-19 14:00,2.78
2022-07-19 15:00,3.05
2022-07-19 16:00,2.65
2022-07-19 17:00,1.37
2022-07-19 18:00,0.63
2022-07-19 19:00,0.39
2022-07-19 20:00,0.04
2022-07-20 6:00,0.02
2022-07-20 7:00,0.32
2022-07-20 8:00,0.59
2022-07-20 9:00,1.13
2022-07-20 10:00,2.04
2022-07-20 11:00,2.93
2022-07-20 12:00,3.17
2022-07-20 13:00,3.02
2022-07-20 14:00,3.05
2022-07-20 15:00,3.09
2022-07-20 16:00,2.43
2022-07-20 17:00,1.41
2022-07-20 18:00,0.69
2022-07-20 19:00,0.28
2022-07-20 20:00,0.03
2022-07-21 6:00,0.0
2022-07-21 7:00,0.08
2022-07-21 8:00,0.08
2022-07-21 9:00,0.13
2022-07-21 10:00,0.71
2022-07-21 11:00,0.64
2022-07-21 12:00,0.61
2022-07-21 13:00,0.42
2022-07-21 14:00,0.36
2022-07-21 15:00,0.37
2022-07-21 16:00,0.71
2022-07-21 17:00,0.55
2022-07-21 18:00,0.97
2022-07-21 19:00,0.52
2022-07-21 20:00,0.07
2022-07-22 6:00,0.02
2022-07-22 7:00,0.24
2022-07-22 8:00,0.75
2022-07-22 9:00,1.28
2022-07-22 10:00,2.03
2022-07-22 11:00,2.31
2022-07-22 12:00,2.25
2022-07-22 13:00,2.02
2022-07-22 14:00,2.59
2022-07-22 15:00,1.4
2022-07-22 16:00,1.9
2022-07-22 17:00,1.36
2022-07-22 18:00,0.91
2022-07-22 19:00,0.56
2022-07-22 20:00,0.04
2022-07-23 6:00,0.02
2022-07-23 7:00,0.33
2022-07-23 8:00,0.97
2022-07-23 9:00,1.71
2022-07-23 10:00,1.43
2022-07-23 11:00,1.23
2022-07-23 12:00,1.35
2022-07-23 13:00,2.33
2022-07-23 14:00,1.82
2022-07-23 15:00,1.03
2022-07-23 16:00,0.87
2022-07-23 17:00,0.72
2022-07-23 18:00,0.42
2022-07-23 19:00,0.12
2022-07-23 20:00,0.02
2022-07-24 6:00,0.02
2022-07-24 7:00,0.11
2022-07-24 8:00,0.43
2022-07-24 9:00,0.65
2022-07-24 10:00,0.42
2022-07-24 11:00,0.65
2022-07-24 12:00,1.8
2022-07-24 13:00,1.23
2022-07-24 14:00,1.46
2022-07-24 15:00,1.17
2022-07-24 16:00,0.62
2022-07-24 17:00,0.55
2022-07-24 18:00,0.33
2022-07-24 19:00,0.24
2022-07-24 20:00,0.03
2022-07-25 6:00,0.0
2022-07-25 7:00,0.15
2022-07-25 8:00,0.59
2022-07-25 9:00,1.29
2022-07-25 10:00,1.08
2022-07-25 11:00,1.95
2022-07-25 12:00,2.65
2022-07-25 13:00,2.6
2022-07-25 14:00,2.93
2022-07-25 15:00,3.25
2022-07-25 16:00,2.65
2022-07-25 17:00,2.24
2022-07-25 18:00,1.35
2022-07-25 19:00,0.57
2022-07-25 20:00,0.08
2022-07-26 6:00,0.01
2022-07-26 7:00,0.32
2022-07-26 8:00,1.01
2022-07-26 9:00,1.77
2022-07-26 10:00,2.36
2022-07-26 11:00,2.73
2022-07-26 12:00,3.25
2022-07-26 13:00,2.64
2022-07-26 14:00,1.74
2022-07-26 15:00,1.91
2022-07-26 16:00,2.68
2022-07-26 17:00,1.47
2022-07-26 18:00,0.76
2022-07-26 19:00,0.44
2022-07-26 20:00,0.04
2022-07-27 6:00,0.02
2022-07-27 7:00,0.33
2022-07-27 8:00,1.0
2022-07-27 9:00,1.24
2022-07-27 10:00,2.16
2022-07-27 11:00,2.21
2022-07-27 12:00,2.97
2022-07-27 13:00,3.18
2022-07-27 14:00,3.43
2022-07-27 15:00,2.93
2022-07-27 16:00,2.24
2022-07-27 17:00,1.64
2022-07-27 18:00,0.91
2022-07-27 19:00,0.31
2022-07-27 20:00,0.06
2022-07-28 6:00,0.02
2022-07-28 7:00,0.36
2022-07-28 8:00,1.0
2022-07-28 9:00,1.75
2022-07-28 10:00,2.38
2022-07-28 11:00,2.91
2022-07-28 12:00,3.24
2022-07-28 13:00,3.29
2022-07-28 14:00,3.15
2022-07-28 15:00,2.12
2022-07-28 16:00,1.45
2022-07-28 17:00,1.24
2022-07-28 18:00,0.1
2022-07-28 19:00,0.08
2022-07-28 20:00,0.04
2022-07-29 6:00,0.01
2022-07-29 7:00,0.38
2022-07-29 8:00,0.94
2022-07-29 9:00,1.71
2022-07-29 10:00,2.37
2022-07-29 11:00,2.88
2022-07-29 12:00,3.17
2022-07-29 13:00,2.93
2022-07-29 14:00,2.77
2022-07-29 15:00,2.17
2022-07-29 16:00,1.91
2022-07-29 17:00,1.63
2022-07-29 18:00,0.82
2022-07-29 19:00,0.28
2022-07-29 20:00,0.06
2022-07-30 6:00,0.01
2022-07-30 7:00,0.4
2022-07-30 8:00,1.07
2022-07-30 9:00,1.8
2022-07-30 10:00,2.43
2022-07-30 11:00,2.11
2022-07-30 12:00,1.73
2022-07-30 13:00,2.18
2022-07-30 14:00,1.03
2022-07-30 15:00,1.41
2022-07-30 16:00,0.81
2022-07-30 17:00,0.54
2022-07-30 18:00,0.43
2022-07-30 19:00,0.22
2022-07-30 20:00,0.05
2022-07-31 6:00,0.0
2022-07-31 7:00,0.08
2022-07-31 8:00,0.31
2022-07-31 9:00,0.48
2022-07-31 10:00,0.73
2022-07-31 11:00,0.97
2022-07-31 12:00,0.84
2022-07-31 13:00,0.44
2022-07-31 14:00,0.28
2022-07-31 15:00,0.35
2022-07-31 16:00,0.57
2022-07-31 17:00,0.42
2022-07-31 18:00,0.21
2022-07-31 19:00,0.05
2022-07-31 20:00,0.01
2022-08-01 6:00,0.0
2022-08-01 7:00,0.05
2022-08-01 8:00,0.21
2022-08-01 9:00,0.56
2022-08-01 10:00,1.38
2022-08-01 11:00,2.73
2022-08-01 12:00,2.63
2022-08-01 13:00,2.68
2022-08-01 14:00,2.08
2022-08-01 15:00,2.57
2022-08-01 16:00,1.71
2022-08-01 17:00,0.74
2022-08-01 18:00,0.42
2022-08-01 19:00,0.21
2022-08-01 20:00,0.03
2022-08-02 6:00,0.0
2022-08-02 7:00,0.06
2022-08-02 8:00,0.23
2022-08-02 9:00,0.24
2022-08-02 10:00,0.7
2022-08-02 11:00,2.46
2022-08-02 12:00,2.26
2022-08-02 13:00,1.97
2022-08-02 14:00,2.84
2022-08-02 15:00,1.62
2022-08-02 16:00,1.42
2022-08-02 17:00,1.33
2022-08-02 18:00,0.76
2022-08-02 19:00,0.2
2022-08-02 20:00,0.01
2022-08-03 6:00,0.01
2022-08-03 7:00,0.18
2022-08-03 8:00,0.41
2022-08-03 9:00,1.38
2022-08-03 10:00,1.48
2022-08-03 11:00,2.62
2022-08-03 12:00,2.57
2022-08-03 13:00,1.9
2022-08-03 14:00,2.95
2022-08-03 15:00,2.09
2022-08-03 16:00,1.24
2022-08-03 17:00,1.78
2022-08-03 18:00,1.27
2022-08-03 19:00,0.46
2022-08-03 20:00,0.04
2022-08-04 6:00,0.0
2022-08-04 7:00,0.23
2022-08-04 8:00,0.81
2022-08-04 9:00,1.12
2022-08-04 10:00,2.02
2022-08-04 11:00,2.45
2022-08-04 12:00,2.71
2022-08-04 13:00,2.23
2022-08-04 14:00,2.26
2022-08-04 15:00,2.53
2022-08-04 16:00,1.64
2022-08-04 17:00,1.36
2022-08-04 18:00,0.89
2022-08-04 19:00,0.5
2022-08-04 20:00,0.05
2022-08-05 6:00,0.0
2022-08-05 7:00,0.22
2022-08-05 8:00,0.19
2022-08-05 9:00,0.67
2022-08-05 10:00,0.38
2022-08-05 11:00,1.13
2022-08-05 12:00,1.66
2022-08-05 13:00,3.23
2022-08-05 14:00,2.72
2022-08-05 15:00,2.73
2022-08-05 16:00,2.46
2022-08-05 17:00,1.38
2022-08-05 18:00,0.66
2022-08-05 19:00,0.45
2022-08-05 20:00,0.03
2022-08-06 6:00,0.01
2022-08-06 7:00,0.14
2022-08-06 8:00,0.52
2022-08-06 9:00,1.33
2022-08-06 10:00,2.22
2022-08-06 11:00,2.57
2022-08-06 12:00,2.52
2022-08-06 13:00,2.53
2022-08-06 14:00,1.53
2022-08-06 15:00,2.78
2022-08-06 16:00,2.17
2022-08-06 17:00,1.34
2022-08-06 18:00,0.98
2022-08-06 19:00,0.38
2022-08-06 20:00,0.02
2022-08-07 6:00,0.0
2022-08-07 7:00,0.2
2022-08-07 8:00,0.61
2022-08-07 9:00,0.75
2022-08-07 10:00,1.36
2022-08-07 11:00,2.59
2022-08-07 12:00,2.68
2022-08-07 13:00,2.14
2022-08-07 14:00,2.14
2022-08-07 15:00,3.08
2022-08-07 16:00,2.39
2022-08-07 17:00,0.88
2022-08-07 18:00,0.63
2022-08-07 19:00,0.23
2022-08-07 20:00,0.03
2022-08-08 6:00,0.0
2022-08-08 7:00,0.07
2022-08-08 8:00,0.28
2022-08-08 9:00,0.42
2022-08-08 10:00,0.98
2022-08-08 11:00,1.23
2022-08-08 12:00,1.24
2022-08-08 13:00,0.66
2022-08-08 14:00,0.87
2022-08-08 15:00,0.68
2022-08-08 16:00,0.52
2022-08-08 17:00,0.22
2022-08-08 18:00,0.15
2022-08-08 19:00,0.06
2022-08-08 20:00,0.0
2022-08-09 6:00,0.0
2022-08-09 7:00,0.01
2022-08-09 8:00,0.38
2022-08-09 9:00,0.62
2022-08-09 10:00,0.66
2022-08-09 11:00,1.46
2022-08-09 12:00,1.49
2022-08-09 13:00,1.15
2022-08-09 14:00,0.62
2022-08-09 15:00,0.69
2022-08-09 16:00,1.22
2022-08-09 17:00,1.2
2022-08-09 18:00,0.52
2022-08-09 19:00,0.07
2022-08-09 20:00,0.01
2022-08-10 6:00,0.0
2022-08-10 7:00,0.01
2022-08-10 8:00,0.02
2022-08-10 9:00,0.07
2022-08-10 10:00,0.11
2022-08-10 11:00,0.32
2022-08-10 12:00,0.27
2022-08-10 13:00,0.26
2022-08-10 14:00,0.23
2022-08-10 15:00,0.21
2022-08-10 16:00,0.33
2022-08-10 17:00,0.52
2022-08-10 18:00,0.14
2022-08-10 19:00,0.01
2022-08-10 20:00,0.0
2022-08-11 6:00,0.0
2022-08-11 7:00,0.01
2022-08-11 8:00,0.05
2022-08-11 9:00,0.03
2022-08-11 10:00,0.04
2022-08-11 11:00,0.07
2022-08-11 12:00,0.2
2022-08-11 13:00,0.27
2022-08-11 14:00,0.29
2022-08-11 15:00,0.28
2022-08-11 16:00,0.24
2022-08-11 17:00,0.12
2022-08-11 18:00,0.09
2022-08-11 19:00,0.04
2022-08-11 20:00,0.0
2022-08-12 6:00,0.0
2022-08-12 7:00,0.15
2022-08-12 8:00,0.49
2022-08-12 9:00,1.43
2022-08-12 10:00,2.39
2022-08-12 11:00,3.05
2022-08-12 12:00,1.45
2022-08-12 13:00,3.31
2022-08-12 14:00,2.66
2022-08-12 15:00,3.02
2022-08-12 16:00,2.07
2022-08-12 17:00,1.27
2022-08-12 18:00,0.84
2022-08-12 19:00,0.37
2022-08-12 20:00,0.01
2022-08-13 6:00,0.0
2022-08-13 7:00,0.14
2022-08-13 8:00,0.26
2022-08-13 9:00,0.88
2022-08-13 10:00,1.24
2022-08-13 11:00,1.23
2022-08-13 12:00,1.02
2022-08-13 13:00,0.26
2022-08-13 14:00,0.27
2022-08-13 15:00,0.26
2022-08-13 16:00,0.24
2022-08-13 17:00,0.55
2022-08-13 18:00,0.47
2022-08-13 19:00,0.18
2022-08-13 20:00,0.01
2022-08-14 6:00,0.0
2022-08-14 7:00,0.03
2022-08-14 8:00,0.16
2022-08-14 9:00,0.24
2022-08-14 10:00,0.47
2022-08-14 11:00,0.55
2022-08-14 12:00,1.07
2022-08-14 13:00,1.2
2022-08-14 14:00,0.27
2022-08-14 15:00,0.45
2022-08-14 16:00,1.19
2022-08-14 17:00,0.63
2022-08-14 18:00,0.26
2022-08-14 19:00,0.1
2022-08-14 20:00,0.01
2022-08-15 6:00,0.0
2022-08-15 7:00,0.16
2022-08-15 8:00,0.51
2022-08-15 9:00,0.67
2022-08-15 10:00,1.27
2022-08-15 11:00,2.12
2022-08-15 12:00,1.59
2022-08-15 13:00,1.56
2022-08-15 14:00,1.43
2022-08-15 15:00,1.39
2022-08-15 16:00,1.39
2022-08-15 17:00,0.35
2022-08-15 18:00,0.23
2022-08-15 19:00,0.17
2022-08-15 20:00,0.01
2022-08-16 6:00,0.01
2022-08-16 7:00,0.03
2022-08-16 8:00,0.08
2022-08-16 9:00,0.1
2022-08-16 10:00,0.44
2022-08-16 11:00,0.76
2022-08-16 12:00,1.5
2022-08-16 13:00,0.97
2022-08-16 14:00,2.13
2022-08-16 15:00,2.45
2022-08-16 16:00,1.95
2022-08-16 17:00,1.65
2022-08-16 18:00,1.18
2022-08-16 19:00,0.38
2022-08-16 20:00,0.01
2022-08-17 6:00,0.0
2022-08-17 7:00,0.2
2022-08-17 8:00,0.42
2022-08-17 9:00,0.48
2022-08-17 10:00,0.66
2022-08-17 11:00,1.97
2022-08-17 12:00,1.4
2022-08-17 13:00,1.4
2022-08-17 14:00,1.15
2022-08-17 15:00,1.2
2022-08-17 16:00,0.81
2022-08-17 17:00,1.42
2022-08-17 18:00,0.69
2022-08-17 19:00,0.34
2022-08-17 20:00,0.01
2022-08-18 6:00,0.0
2022-08-18 7:00,0.2
2022-08-18 8:00,0.76
2022-08-18 9:00,1.7
2022-08-18 10:00,2.38
2022-08-18 11:00,2.68
2022-08-18 12:00,2.97
2022-08-18 13:00,2.72
2022-08-18 14:00,2.01
2022-08-18 15:00,1.88
2022-08-18 16:00,2.08
2022-08-18 17:00,1.45
2022-08-18 18:00,0.77
2022-08-18 19:00,0.18
2022-08-18 20:00,0.0
2022-08-19 6:00,0.0
2022-08-19 7:00,0.19
2022-08-19 8:00,0.66
2022-08-19 9:00,0.93
2022-08-19 10:00,1.39
2022-08-19 11:00,1.93
2022-08-19 12:00,1.57
2022-08-19 13:00,1.44
2022-08-19 14:00,0.76
2022-08-19 15:00,0.6
2022-08-19 16:00,0.47
2022-08-19 17:00,0.48
2022-08-19 18:00,0.29
2022-08-19 19:00,0.09
2022-08-19 20:00,0.01
2022-08-20 6:00,0.0
2022-08-20 7:00,0.01
2022-08-20 8:00,0.17
2022-08-20 9:00,0.89
2022-08-20 10:00,0.63
2022-08-20 11:00,0.28
2022-08-20 12:00,0.47
2022-08-20 13:00,2.01
2022-08-20 14:00,2.88
2022-08-20 15:00,1.89
2022-08-20 16:00,0.42
2022-08-20 17:00,0.0
2022-08-20 18:00,0.0
2022-08-20 19:00,0.0
2022-08-20 20:00,0.0
2022-08-21 6:00,0.0
2022-08-21 7:00,0.09
2022-08-21 8:00,0.69
2022-08-21 9:00,1.36
2022-08-21 10:00,2.29
2022-08-21 11:00,2.65
2022-08-21 12:00,2.95
2022-08-21 13:00,3.24
2022-08-21 14:00,2.71
2022-08-21 15:00,2.34
2022-08-21 16:00,2.12
2022-08-21 17:00,1.74
2022-08-21 18:00,0.98
2022-08-21 19:00,0.24
2022-08-21 20:00,0.01
2022-08-22 6:00,0.0
2022-08-22 7:00,0.09
2022-08-22 8:00,0.28
2022-08-22 9:00,1.11
2022-08-22 10:00,2.1
2022-08-22 11:00,1.73
2022-08-22 12:00,1.74
2022-08-22 13:00,2.59
2022-08-22 14:00,2.81
2022-08-22 15:00,1.91
2022-08-22 16:00,1.43
2022-08-22 17:00,0.97
2022-08-22 18:00,0.76
2022-08-22 19:00,0.18
2022-08-22 20:00,0.0
2022-08-23 6:00,0.0
2022-08-23 7:00,0.08
2022-08-23 8:00,0.14
2022-08-23 9:00,0.13
2022-08-23 10:00,0.21
2022-08-23 11:00,0.53
2022-08-23 12:00,0.25
2022-08-23 13:00,0.25
2022-08-23 14:00,0.11
2022-08-23 15:00,0.19
2022-08-23 16:00,0.21
2022-08-23 17:00,0.19
2022-08-23 18:00,0.2
2022-08-23 19:00,0.07
2022-08-23 20:00,0.01
2022-08-24 6:00,0.0
2022-08-24 7:00,0.02
2022-08-24 8:00,0.07
2022-08-24 9:00,0.18
2022-08-24 10:00,0.5
2022-08-24 11:00,0.94
2022-08-24 12:00,1.8
2022-08-24 13:00,1.45
2022-08-24 14:00,1.35
2022-08-24 15:00,1.25
2022-08-24 16:00,1.04
2022-08-24 17:00,0.84
2022-08-24 18:00,0.43
2022-08-24 19:00,0.15
2022-08-24 20:00,0.01
2022-08-25 6:00,0.0
2022-08-25 7:00,0.09
2022-08-25 8:00,0.44
2022-08-25 9:00,0.74
2022-08-25 10:00,1.66
2022-08-25 11:00,1.62
2022-08-25 12:00,1.26
2022-08-25 13:00,2.18
2022-08-25 14:00,2.24
2022-08-25 15:00,0.65
2022-08-25 16:00,1.15
2022-08-25 17:00,0.39
2022-08-25 18:00,0.29
2022-08-25 19:00,0.05
2022-08-25 20:00,0.0
2022-08-26 6:00,0.0
2022-08-26 7:00,0.2
2022-08-26 8:00,0.8
2022-08-26 9:00,1.54
2022-08-26 10:00,2.23
2022-08-26 11:00,2.61
2022-08-26 12:00,3.12
2022-08-26 13:00,2.6
2022-08-26 14:00,3.35
2022-08-26 15:00,2.74
2022-08-26 16:00,1.62
2022-08-26 17:00,1.17
2022-08-26 18:00,0.89
2022-08-26 19:00,0.22
2022-08-26 20:00,0.01
2022-08-27 6:00,0.0
2022-08-27 7:00,0.04
2022-08-27 8:00,0.27
2022-08-27 9:00,0.83
2022-08-27 10:00,1.36
2022-08-27 11:00,2.58
2022-08-27 12:00,3.28
2022-08-27 13:00,3.42
2022-08-27 14:00,3.29
2022-08-27 15:00,2.97
2022-08-27 16:00,2.3
2022-08-27 17:00,1.58
2022-08-27 18:00,0.88
2022-08-27 19:00,0.29
2022-08-27 20:00,0.0
2022-08-28 6:00,0.0
2022-08-28 7:00,0.17
2022-08-28 8:00,0.68
2022-08-28 9:00,1.56
2022-08-28 10:00,2.14
2022-08-28 11:00,2.83
2022-08-28 12:00,3.05
2022-08-28 13:00,3.24
2022-08-28 14:00,3.26
2022-08-28 15:00,2.97
2022-08-28 16:00,2.41
2022-08-28 17:00,1.72
2022-08-28 18:00,0.99
2022-08-28 19:00,0.25
2022-08-28 20:00,0.0
2022-08-29 6:00,0.0
2022-08-29 7:00,0.04
2022-08-29 8:00,0.18
2022-08-29 9:00,0.27
2022-08-29 10:00,0.47
2022-08-29 11:00,0.5
2022-08-29 12:00,0.3
2022-08-29 13:00,0.35
2022-08-29 14:00,0.48
2022-08-29 15:00,0.33
2022-08-29 16:00,0.37
2022-08-29 17:00,0.49
2022-08-29 18:00,0.32
2022-08-29 19:00,0.09
2022-08-29 20:00,0.0
2022-08-30 7:00,0.01
2022-08-30 8:00,0.04
2022-08-30 9:00,0.1
2022-08-30 10:00,0.44
2022-08-30 11:00,0.39
2022-08-30 12:00,0.53
2022-08-30 13:00,0.52
2022-08-30 14:00,0.39
2022-08-30 15:00,0.2
2022-08-30 16:00,0.27
2022-08-30 17:00,0.17
2022-08-30 18:00,0.1
2022-08-30 19:00,0.04
2022-08-30 20:00,0.0
2022-08-31 7:00,0.02
2022-08-31 8:00,0.14
2022-08-31 9:00,0.38
2022-08-31 10:00,0.33
2022-08-31 11:00,0.61
2022-08-31 12:00,0.72
2022-08-31 13:00,0.9
2022-08-31 14:00,0.67
2022-08-31 15:00,0.65
2022-08-31 16:00,0.71
2022-08-31 17:00,0.63
2022-08-31 18:00,0.36
2022-08-31 19:00,0.12
2022-08-31 20:00,0.01
2022-09-01 7:00,0.07
2022-09-01 8:00,0.29
2022-09-01 9:00,0.3
2022-09-01 10:00,0.7
2022-09-01 11:00,1.46
2022-09-01 12:00,2.24
2022-09-01 13:00,2.35
2022-09-01 14:00,2.04
2022-09-01 15:00,2.57
2022-09-01 16:00,2.22
2022-09-01 17:00,1.12
2022-09-01 18:00,0.8
2022-09-01 19:00,0.13
2022-09-02 7:00,0.08
2022-09-02 8:00,0.4
2022-09-02 9:00,0.71
2022-09-02 10:00,1.52
2022-09-02 11:00,2.8
2022-09-02 12:00,2.05
2022-09-02 13:00,1.49
2022-09-02 14:00,1.3
2022-09-02 15:00,1.28
2022-09-02 16:00,1.34
2022-09-02 17:00,0.97
2022-09-02 18:00,0.62
2022-09-02 19:00,0.14
2022-09-03 7:00,0.17
2022-09-03 8:00,0.5
2022-09-03 9:00,1.64
2022-09-03 10:00,1.63
2022-09-03 11:00,1.52
2022-09-03 12:00,1.62
2022-09-03 13:00,2.13
2022-09-03 14:00,2.09
2022-09-03 15:00,1.5
2022-09-03 16:00,1.15
2022-09-03 17:00,0.75
2022-09-03 18:00,0.3
2022-09-03 19:00,0.07
2022-09-04 7:00,0.03
2022-09-04 8:00,0.19
2022-09-04 9:00,0.34
2022-09-04 10:00,0.6
2022-09-04 11:00,1.17
2022-09-04 12:00,1.19
2022-09-04 13:00,1.32
2022-09-04 14:00,1.23
2022-09-04 15:00,1.14
2022-09-04 16:00,0.8
2022-09-04 17:00,0.41
2022-09-04 18:00,0.31
2022-09-04 19:00,0.08
2022-09-05 7:00,0.01
2022-09-05 8:00,0.08
2022-09-05 9:00,0.27
2022-09-05 10:00,0.43
2022-09-05 11:00,0.56
2022-09-05 12:00,0.82
2022-09-05 13:00,0.7
2022-09-05 14:00,0.43
2022-09-05 15:00,0.26
2022-09-05 16:00,0.18
2022-09-05 17:00,0.14
2022-09-05 18:00,0.05
2022-09-05 19:00,0.01
2022-09-06 7:00,0.02
2022-09-06 8:00,0.19
2022-09-06 9:00,0.29
2022-09-06 10:00,0.34
2022-09-06 11:00,1.0
2022-09-06 12:00,1.02
2022-09-06 13:00,1.7
2022-09-06 14:00,2.11
2022-09-06 15:00,2.08
2022-09-06 16:00,1.82
2022-09-06 17:00,1.52
2022-09-06 18:00,0.81
2022-09-06 19:00,0.15
2022-09-07 7:00,0.1
2022-09-07 8:00,0.6
2022-09-07 9:00,1.42
2022-09-07 10:00,2.14
2022-09-07 11:00,2.51
2022-09-07 12:00,3.02
2022-09-07 13:00,3.24
2022-09-07 14:00,3.09
2022-09-07 15:00,2.68
2022-09-07 16:00,2.2
2022-09-07 17:00,1.45
2022-09-07 18:00,0.8
2022-09-07 19:00,0.14
2022-09-08 7:00,0.14
2022-09-08 8:00,0.74
2022-09-08 9:00,1.54
2022-09-08 10:00,2.2
2022-09-08 11:00,2.75
2022-09-08 12:00,3.09
2022-09-08 13:00,3.22
2022-09-08 14:00,3.09
2022-09-08 15:00,2.76
2022-09-08 16:00,2.17
2022-09-08 17:00,1.44
2022-09-08 18:00,0.68
2022-09-08 19:00,0.13
2022-09-09 7:00,0.07
2022-09-09 8:00,0.73
2022-09-09 9:00,1.18
2022-09-09 10:00,1.86
2022-09-09 11:00,2.44
2022-09-09 12:00,3.15
2022-09-09 13:00,3.23
2022-09-09 14:00,3.15
2022-09-09 15:00,2.81
2022-09-09 16:00,2.29
2022-09-09 17:00,1.41
2022-09-09 18:00,0.56
2022-09-09 19:00,0.06
2022-09-10 7:00,0.08
2022-09-10 8:00,0.39
2022-09-10 9:00,0.81
2022-09-10 10:00,1.18
2022-09-10 11:00,0.92
2022-09-10 12:00,2.43
2022-09-10 13:00,2.79
2022-09-10 14:00,2.53
2022-09-10 15:00,2.36
2022-09-10 16:00,1.34
2022-09-10 17:00,1.01
2022-09-10 18:00,0.47
2022-09-10 19:00,0.05
2022-09-11 7:00,0.04
2022-09-11 8:00,0.41
2022-09-11 9:00,0.73
2022-09-11 10:00,2.01
2022-09-11 11:00,2.48
2022-09-11 12:00,2.8
2022-09-11 13:00,2.54
2022-09-11 14:00,1.71
2022-09-11 15:00,2.34
2022-09-11 16:00,1.4
2022-09-11 17:00,0.53
2022-09-11 18:00,0.37
2022-09-11 19:00,0.07
2022-09-12 7:00,0.06
2022-09-12 8:00,0.2
2022-09-12 9:00,0.5
2022-09-12 10:00,0.82
2022-09-12 11:00,1.14
2022-09-12 12:00,1.35
2022-09-12 13:00,1.27
2022-09-12 14:00,1.0
2022-09-12 15:00,0.79
2022-09-12 16:00,0.46
2022-09-12 17:00,0.38
2022-09-12 18:00,0.18
2022-09-12 19:00,0.05
2022-09-13 7:00,0.04
2022-09-13 8:00,0.3
2022-09-13 9:00,0.52
2022-09-13 10:00,1.1
2022-09-13 11:00,1.68
2022-09-13 12:00,1.5
2022-09-13 13:00,1.86
2022-09-13 14:00,1.42
2022-09-13 15:00,0.8
2022-09-13 16:00,0.78
2022-09-13 17:00,0.61
2022-09-13 18:00,0.2
2022-09-13 19:00,0.04
2022-09-14 7:00,0.06
2022-09-14 8:00,0.26
2022-09-14 9:00,0.65
2022-09-14 10:00,1.05
2022-09-14 11:00,2.29
2022-09-14 12:00,2.99
2022-09-14 13:00,2.35
2022-09-14 14:00,1.88
2022-09-14 15:00,1.43
2022-09-14 16:00,1.35
2022-09-14 17:00,0.76
2022-09-14 18:00,0.27
2022-09-14 19:00,0.07
2022-09-15 7:00,0.09
2022-09-15 8:00,0.7
2022-09-15 9:00,1.37
2022-09-15 10:00,2.05
2022-09-15 11:00,2.46
2022-09-15 12:00,2.96
2022-09-15 13:00,2.99
2022-09-15 14:00,2.4
2022-09-15 15:00,1.96
2022-09-15 16:00,1.28
2022-09-15 17:00,0.65
2022-09-15 18:00,0.28
2022-09-15 19:00,0.04
2022-09-16 7:00,0.09
2022-09-16 8:00,0.67
2022-09-16 9:00,1.34
2022-09-16 10:00,1.5
2022-09-16 11:00,2.6
2022-09-16 12:00,2.82
2022-09-16 13:00,3.07
2022-09-16 14:00,2.95
2022-09-16 15:00,1.43
2022-09-16 16:00,1.12
2022-09-16 17:00,0.43
2022-09-16 18:00,0.12
2022-09-16 19:00,0.02
2022-09-17 7:00,0.06
2022-09-17 8:00,0.54
2022-09-17 9:00,1.19
2022-09-17 10:00,1.99
2022-09-17 11:00,2.51
2022-09-17 12:00,2.89
2022-09-17 13:00,2.84
2022-09-17 14:00,2.28
2022-09-17 15:00,1.77
2022-09-17 16:00,1.78
2022-09-17 17:00,1.33
2022-09-17 18:00,0.72
2022-09-17 19:00,0.06
2022-09-18 7:00,0.02
2022-09-18 8:00,0.28
2022-09-18 9:00,0.59
2022-09-18 10:00,0.96
2022-09-18 11:00,1.27
2022-09-18 12:00,1.95
2022-09-18 13:00,3.02
2022-09-18 14:00,2.35
2022-09-18 15:00,1.69
2022-09-18 16:00,1.91
2022-09-18 17:00,1.03
2022-09-18 18:00,0.45
2022-09-18 19:00,0.05
2022-09-19 7:00,0.04
2022-09-19 8:00,0.42
2022-09-19 9:00,1.03
2022-09-19 10:00,1.89
2022-09-19 11:00,2.26
2022-09-19 12:00,2.06
2022-09-19 13:00,1.97
2022-09-19 14:00,2.97
2022-09-19 15:00,2.56
2022-09-19 16:00,2.02
2022-09-19 17:00,1.07
2022-09-19 18:00,0.38
2022-09-19 19:00,0.03
2022-09-20 7:00,0.04
2022-09-20 8:00,0.64
2022-09-20 9:00,1.39
2022-09-20 10:00,2.1
2022-09-20 11:00,1.31
2022-09-20 12:00,2.5
2022-09-20 13:00,2.03
2022-09-20 14:00,2.67
2022-09-20 15:00,1.45
2022-09-20 16:00,0.97
2022-09-20 17:00,0.71
2022-09-20 18:00,0.22
2022-09-20 19:00,0.04
2022-09-21 7:00,0.08
2022-09-21 8:00,0.66
2022-09-21 9:00,1.42
2022-09-21 10:00,2.11
2022-09-21 11:00,2.66
2022-09-21 12:00,3.04
2022-09-21 13:00,3.12
2022-09-21 14:00,2.95
2022-09-21 15:00,2.6
2022-09-21 16:00,2.04
2022-09-21 17:00,1.32
2022-09-21 18:00,0.56
2022-09-21 19:00,0.03
2022-09-22 7:00,0.06
2022-09-22 8:00,0.6
2022-09-22 9:00,1.22
2022-09-22 10:00,1.79
2022-09-22 11:00,2.43
2022-09-22 12:00,2.74
2022-09-22 13:00,2.83
2022-09-22 14:00,2.01
2022-09-22 15:00,1.59
2022-09-22 16:00,1.51
2022-09-22 17:00,0.92
2022-09-22 18:00,0.35
2022-09-22 19:00,0.01
2022-09-23 7:00,0.04
2022-09-23 8:00,0.61
2022-09-23 9:00,1.33
2022-09-23 10:00,2.11
2022-09-23 11:00,2.06
2022-09-23 12:00,2.79
2022-09-23 13:00,2.15
2022-09-23 14:00,1.48
2022-09-23 15:00,2.18
2022-09-23 16:00,2.03
2022-09-23 17:00,1.32
2022-09-23 18:00,0.46
2022-09-23 19:00,0.03
2022-09-24 7:00,0.03
2022-09-24 8:00,0.62
2022-09-24 9:00,1.4
2022-09-24 10:00,2.1
2022-09-24 11:00,2.61
2022-09-24 12:00,2.92
2022-09-24 13:00,3.01
2022-09-24 14:00,2.68
2022-09-24 15:00,2.31
2022-09-24 16:00,1.83
2022-09-24 17:00,0.94
2022-09-24 18:00,0.34
2022-09-24 19:00,0.02
2022-09-25 7:00,0.04
2022-09-25 8:00,0.31
2022-09-25 9:00,0.74
2022-09-25 10:00,1.02
2022-09-25 11:00,1.88
2022-09-25 12:00,2.59
2022-09-25 13:00,2.05
2022-09-25 14:00,2.18
2022-09-25 15:00,1.65
2022-09-25 16:00,0.93
2022-09-25 17:00,0.53
2022-09-25 18:00,0.19
2022-09-25 19:00,0.01
2022-09-26 7:00,0.03
2022-09-26 8:00,0.27
2022-09-26 9:00,0.45
2022-09-26 10:00,0.7
2022-09-26 11:00,1.52
2022-09-26 12:00,1.91
2022-09-26 13:00,1.76
2022-09-26 14:00,1.9
2022-09-26 15:00,1.97
2022-09-26 16:00,1.09
2022-09-26 17:00,0.9
2022-09-26 18:00,0.3
2022-09-26 19:00,0.02
2022-09-27 7:00,0.04
2022-09-27 8:00,0.48
2022-09-27 9:00,1.2
2022-09-27 10:00,1.99
2022-09-27 11:00,2.53
2022-09-27 12:00,2.83
2022-09-27 13:00,2.94
2022-09-27 14:00,2.82
2022-09-27 15:00,2.44
2022-09-27 16:00,1.9
2022-09-27 17:00,1.2
2022-09-27 18:00,0.45
2022-09-27 19:00,0.01
2022-09-28 7:00,0.03
2022-09-28 8:00,0.34
2022-09-28 9:00,1.07
2022-09-28 10:00,1.49
2022-09-28 11:00,1.67
2022-09-28 12:00,1.39
2022-09-28 13:00,1.77
2022-09-28 14:00,1.5
2022-09-28 15:00,1.16
2022-09-28 16:00,1.09
2022-09-28 17:00,1.03
2022-09-28 18:00,0.38
2022-09-28 19:00,0.01
2022-09-29 7:00,0.04
2022-09-29 8:00,0.35
2022-09-29 9:00,0.7
2022-09-29 10:00,1.46
2022-09-29 11:00,2.04
2022-09-29 12:00,2.53
2022-09-29 13:00,2.25
2022-09-29 14:00,2.74
2022-09-29 15:00,2.36
2022-09-29 16:00,1.85
2022-09-29 17:00,1.1
2022-09-29 18:00,0.37
2022-09-29 19:00,0.0
2022-09-30 7:00,0.04
2022-09-30 8:00,0.24
2022-09-30 9:00,0.68
2022-09-30 10:00,1.59
2022-09-30 11:00,2.42
2022-09-30 12:00,2.81
2022-09-30 13:00,2.91
2022-09-30 14:00,2.76
2022-09-30 15:00,2.37
2022-09-30 16:00,1.54
2022-09-30 17:00,0.99
2022-09-30 18:00,0.32
2022-09-30 19:00,0.0
2022-10-01 7:00,0.04
2022-10-01 8:00,0.51
2022-10-01 9:00,1.24
2022-10-01 10:00,1.91
2022-10-01 11:00,2.39
2022-10-01 12:00,2.76
2022-10-01 13:00,1.91
2022-10-01 14:00,2.15
2022-10-01 15:00,2.15
2022-10-01 16:00,1.18
2022-10-01 17:00,0.95
2022-10-01 18:00,0.23
2022-10-01 19:00,0.01
2022-10-02 7:00,0.02
2022-10-02 8:00,0.18
2022-10-02 9:00,0.55
2022-10-02 10:00,0.88
2022-10-02 11:00,2.11
2022-10-02 12:00,2.5
2022-10-02 13:00,2.08
2022-10-02 14:00,1.48
2022-10-02 15:00,0.58
2022-10-02 16:00,0.59
2022-10-02 17:00,0.32
2022-10-02 18:00,0.1
2022-10-02 19:00,0.0
2022-10-03 7:00,0.01
2022-10-03 8:00,0.1
2022-10-03 9:00,0.19
2022-10-03 10:00,0.57
2022-10-03 11:00,0.62
2022-10-03 12:00,1.89
2022-10-03 13:00,0.93
2022-10-03 14:00,0.58
2022-10-03 15:00,0.52
2022-10-03 16:00,0.41
2022-10-03 17:00,0.16
2022-10-03 18:00,0.09
2022-10-03 19:00,0.0
2022-10-04 7:00,0.0
2022-10-04 8:00,0.05
2022-10-04 9:00,0.12
2022-10-04 10:00,0.23
2022-10-04 11:00,0.96
2022-10-04 12:00,2.04
2022-10-04 13:00,1.42
2022-10-04 14:00,1.73
2022-10-04 15:00,1.63
2022-10-04 16:00,0.89
2022-10-04 17:00,0.37
2022-10-04 18:00,0.1
2022-10-04 19:00,0.01
2022-10-05 7:00,0.0
2022-10-05 8:00,0.08
2022-10-05 9:00,0.21
2022-10-05 10:00,0.59
2022-10-05 11:00,1.61
2022-10-05 12:00,1.53
2022-10-05 13:00,2.22
2022-10-05 14:00,2.48
2022-10-05 15:00,2.48
2022-10-05 16:00,1.81
2022-10-05 17:00,1.01
2022-10-05 18:00,0.26
2022-10-05 19:00,0.0
2022-10-06 7:00,0.0
2022-10-06 8:00,0.22
2022-10-06 9:00,0.44
2022-10-06 10:00,0.47
2022-10-06 11:00,1.07
2022-10-06 12:00,2.21
2022-10-06 13:00,1.86
2022-10-06 14:00,2.31
2022-10-06 15:00,0.9
2022-10-06 16:00,0.55
2022-10-06 17:00,0.25
2022-10-06 18:00,0.09
2022-10-06 19:00,0.01
2022-10-07 7:00,0.0
2022-10-07 8:00,0.41
2022-10-07 9:00,1.22
2022-10-07 10:00,1.53
2022-10-07 11:00,1.41
2022-10-07 12:00,1.97
2022-10-07 13:00,2.39
2022-10-07 14:00,1.98
2022-10-07 15:00,2.28
2022-10-07 16:00,1.14
2022-10-07 17:00,0.83
2022-10-07 18:00,0.23
2022-10-07 19:00,0.0
2022-10-08 7:00,0.03
2022-10-08 8:00,0.51
2022-10-08 9:00,1.23
2022-10-08 10:00,1.91
2022-10-08 11:00,2.4
2022-10-08 12:00,2.65
2022-10-08 13:00,2.81
2022-10-08 14:00,2.67
2022-10-08 15:00,1.85
2022-10-08 16:00,1.38
2022-10-08 17:00,0.99
2022-10-08 18:00,0.25
2022-10-08 19:00,0.01
2022-10-09 7:00,0.0
2022-10-09 8:00,0.05
2022-10-09 9:00,0.22
2022-10-09 10:00,0.32
2022-10-09 11:00,0.53
2022-10-09 12:00,0.85
2022-10-09 13:00,0.56
2022-10-09 14:00,0.41
2022-10-09 15:00,0.32
2022-10-09 16:00,0.27
2022-10-09 17:00,0.13
2022-10-09 18:00,0.03
2022-10-09 19:00,0.0
2022-10-10 7:00,0.01
2022-10-10 8:00,0.25
2022-10-10 9:00,1.0
2022-10-10 10:00,0.78
2022-10-10 11:00,1.32
2022-10-10 12:00,1.83
2022-10-10 13:00,1.35
2022-10-10 14:00,1.34
2022-10-10 15:00,1.71
2022-10-10 16:00,1.74
2022-10-10 17:00,0.46
2022-10-10 18:00,0.11
2022-10-10 19:00,0.0
2022-10-11 7:00,0.01
2022-10-11 8:00,0.22
2022-10-11 9:00,0.7
2022-10-11 10:00,1.79
2022-10-11 11:00,2.29
2022-10-11 12:00,2.61
2022-10-11 13:00,2.73
2022-10-11 14:00,2.58
2022-10-11 15:00,2.15
2022-10-11 16:00,1.61
2022-10-11 17:00,0.89
2022-10-11 18:00,0.2
2022-10-11 19:00,0.0
2022-10-12 7:00,0.02
2022-10-12 8:00,0.44
2022-10-12 9:00,0.7
2022-10-12 10:00,1.92
2022-10-12 11:00,2.34
2022-10-12 12:00,2.66
2022-10-12 13:00,2.73
2022-10-12 14:00,2.56
2022-10-12 15:00,2.16
2022-10-12 16:00,1.59
2022-10-12 17:00,0.89
2022-10-12 18:00,0.19
2022-10-13 7:00,0.02
2022-10-13 8:00,0.34
2022-10-13 9:00,0.99
2022-10-13 10:00,1.76
2022-10-13 11:00,2.3
2022-10-13 12:00,2.65
2022-10-13 13:00,2.69
2022-10-13 14:00,2.53
2022-10-13 15:00,2.15
2022-10-13 16:00,1.59
2022-10-13 17:00,0.85
2022-10-13 18:00,0.18
2022-10-14 7:00,0.01
2022-10-14 8:00,0.21
2022-10-14 9:00,0.58
2022-10-14 10:00,1.25
2022-10-14 11:00,2.21
2022-10-14 12:00,2.52
2022-10-14 13:00,2.38
2022-10-14 14:00,2.6
2022-10-14 15:00,1.44
2022-10-14 16:00,1.35
2022-10-14 17:00,0.86
2022-10-14 18:00,0.16
2022-10-15 7:00,0.01
2022-10-15 8:00,0.33
2022-10-15 9:00,0.63
2022-10-15 10:00,1.77
2022-10-15 11:00,2.23
2022-10-15 12:00,2.29
2022-10-15 13:00,2.57
2022-10-15 14:00,2.23
2022-10-15 15:00,1.58
2022-10-15 16:00,0.97
2022-10-15 17:00,0.43
2022-10-15 18:00,0.06
2022-10-16 7:00,0.01
2022-10-16 8:00,0.23
2022-10-16 9:00,0.58
2022-10-16 10:00,0.82
2022-10-16 11:00,1.33
2022-10-16 12:00,2.3
2022-10-16 13:00,2.06
2022-10-16 14:00,1.36
2022-10-16 15:00,0.92
2022-10-16 16:00,0.57
2022-10-16 17:00,0.27
2022-10-16 18:00,0.05
2022-10-17 7:00,0.0
2022-10-17 8:00,0.24
2022-10-17 9:00,0.57
2022-10-17 10:00,1.8
2022-10-17 11:00,2.31
2022-10-17 12:00,2.63
2022-10-17 13:00,2.72
2022-10-17 14:00,2.58
2022-10-17 15:00,2.2
2022-10-17 16:00,1.6
2022-10-17 17:00,0.86
2022-10-17 18:00,0.14
2022-10-18 7:00,0.01
2022-10-18 8:00,0.42
2022-10-18 9:00,1.12
2022-10-18 10:00,1.79
2022-10-18 11:00,2.3
2022-10-18 12:00,2.62
2022-10-18 13:00,2.69
2022-10-18 14:00,2.49
2022-10-18 15:00,2.11
2022-10-18 16:00,1.54
2022-10-18 17:00,0.83
2022-10-18 18:00,0.13