date,tem,hum
2022-05-10 0:00,16.5,39
2022-05-10 1:00,15.5,43
2022-05-10 2:00,14.3,48
2022-05-10 3:00,14.2,46
2022-05-10 4:00,13.3,54
2022-05-10 5:00,12.4,59
2022-05-10 6:00,11.5,66
2022-05-10 7:00,12.7,60
2022-05-10 8:00,15.3,50
2022-05-10 9:00,17.9,37
2022-05-10 10:00,20.4,29
2022-05-10 11:00,22.0,24
2022-05-10 12:00,23.1,19
2022-05-10 13:00,23.9,19
2022-05-10 14:00,24.9,20
2022-05-10 15:00,25.0,20
2022-05-10 16:00,25.6,19
2022-05-10 17:00,25.9,21
2022-05-10 18:00,24.8,22
2022-05-10 19:00,23.0,25
2022-05-10 20:00,21.2,36
2022-05-10 21:00,19.4,39
2022-05-10 22:00,18.5,40
2022-05-10 23:00,17.7,41
2022-05-11 0:00,17.5,43
2022-05-11 1:00,16.1,48
2022-05-11 2:00,15.9,56
2022-05-11 3:00,15.2,55
2022-05-11 4:00,14.9,61
2022-05-11 5:00,15.2,59
2022-05-11 6:00,15.1,62
2022-05-11 7:00,16.2,60
2022-05-11 8:00,17.5,54
2022-05-11 9:00,19.2,44
2022-05-11 10:00,20.5,41
2022-05-11 11:00,22.4,40
2022-05-11 12:00,23.7,42
2022-05-11 13:00,24.4,40
2022-05-11 14:00,25.0,40
2022-05-11 15:00,25.5,40
2022-05-11 16:00,25.0,38
2022-05-11 17:00,24.5,41
2022-05-11 18:00,23.6,42
2022-05-11 19:00,22.4,47
2022-05-11 20:00,20.6,48
2022-05-11 21:00,19.8,50
2022-05-11 22:00,18.8,53
2022-05-11 23:00,18.3,50
2022-05-12 0:00,17.7,51
2022-05-12 1:00,16.9,54
2022-05-12 2:00,16.4,55
2022-05-12 3:00,15.9,58
2022-05-12 4:00,15.6,61
2022-05-12 5:00,15.3,62
2022-05-12 6:00,15.2,64
2022-05-12 7:00,15.6,66
2022-05-12 8:00,17.0,64
2022-05-12 9:00,18.6,58
2022-05-12 10:00,20.5,49
2022-05-12 11:00,21.9,48
2022-05-12 12:00,23.8,44
2022-05-12 13:00,26.3,42
2022-05-12 14:00,26.4,41
2022-05-12 15:00,26.8,40
2022-05-12 16:00,26.5,39
2022-05-12 17:00,25.7,46
2022-05-12 18:00,25.4,45
2022-05-12 19:00,24.3,50
2022-05-12 20:00,23.1,53
2022-05-12 21:00,22.3,53
2022-05-12 22:00,20.7,55
2022-05-12 23:00,19.7,57
2022-05-13 0:00,19.8,57
2022-05-13 1:00,19.5,61
2022-05-13 2:00,19.2,64
2022-05-13 3:00,19.0,61
2022-05-13 4:00,18.6,62
2022-05-13 5:00,18.2,63
2022-05-13 6:00,17.5,66
2022-05-13 7:00,18.1,66
2022-05-13 8:00,19.4,58
2022-05-13 9:00,20.2,56
2022-05-13 10:00,20.2,53
2022-05-13 11:00,21.2,53
2022-05-13 12:00,21.4,53
2022-05-13 13:00,21.0,56
2022-05-13 14:00,20.5,54
2022-05-13 15:00,20.6,54
2022-05-13 16:00,20.6,54
2022-05-13 17:00,21.1,55
2022-05-13 18:00,20.5,57
2022-05-13 19:00,19.5,48
2022-05-13 20:00,18.0,45
2022-05-13 21:00,17.4,49
2022-05-13 22:00,16.5,52
2022-05-13 23:00,16.0,51
2022-05-14 0:00,15.1,53
2022-05-14 1:00,14.1,54
2022-05-14 2:00,13.2,54
2022-05-14 3:00,12.0,62
2022-05-14 4:00,11.5,62
2022-05-14 5:00,10.9,71
2022-05-14 6:00,10.5,69
2022-05-14 7:00,12.9,61
2022-05-14 8:00,14.7,51
2022-05-14 9:00,16.8,45
2022-05-14 10:00,18.7,35
2022-05-14 11:00,20.7,23
2022-05-14 12:00,21.0,30
2022-05-14 13:00,21.8,23
2022-05-14 14:00,22.2,25
2022-05-14 15:00,21.2,31
2022-05-14 16:00,21.0,26
2022-05-14 17:00,20.6,23
2022-05-14 18:00,18.3,23
2022-05-14 19:00,16.8,21
2022-05-14 20:00,15.4,25
2022-05-14 21:00,14.4,29
2022-05-14 22:00,13.2,33
2022-05-14 23:00,12.4,36
2022-05-15 0:00,11.2,43
2022-05-15 1:00,11.0,48
2022-05-15 2:00,10.7,52
2022-05-15 3:00,10.2,54
2022-05-15 4:00,10.0,58
2022-05-15 5:00,9.3,63
2022-05-15 6:00,8.9,69
2022-05-15 7:00,10.5,63
2022-05-15 8:00,13.4,50
2022-05-15 9:00,16.0,46
2022-05-15 10:00,17.9,34
2022-05-15 11:00,18.8,33
2022-05-15 12:00,20.1,25
2022-05-15 13:00,20.8,23
2022-05-15 14:00,20.7,25
2022-05-15 15:00,22.0,22
2022-05-15 16:00,21.7,22
2022-05-15 17:00,21.3,21
2022-05-15 18:00,20.3,22
2022-05-15 19:00,17.7,27
2022-05-15 20:00,15.9,31
2022-05-15 21:00,14.7,33
2022-05-15 22:00,14.1,35
2022-05-15 23:00,12.9,31
2022-05-16 0:00,11.7,40
2022-05-16 1:00,11.0,44
2022-05-16 2:00,10.1,49
2022-05-16 3:00,9.2,52
2022-05-16 4:00,8.5,58
2022-05-16 5:00,7.9,62
2022-05-16 6:00,7.6,65
2022-05-16 7:00,10.9,58
2022-05-16 8:00,14.0,39
2022-05-16 9:00,16.6,36
2022-05-16 10:00,19.1,30
2022-05-16 11:00,20.6,24
2022-05-16 12:00,21.4,26
2022-05-16 13:00,22.6,27
2022-05-16 14:00,22.7,28
2022-05-16 15:00,24.3,26
2022-05-16 16:00,24.2,26
2022-05-16 17:00,23.0,28
2022-05-16 18:00,21.0,26
2022-05-16 19:00,19.3,29
2022-05-16 20:00,18.1,32
2022-05-16 21:00,17.3,35
2022-05-16 22:00,16.3,39
2022-05-16 23:00,15.6,47
2022-05-17 0:00,15.0,51
2022-05-17 1:00,14.7,54
2022-05-17 2:00,14.2,53
2022-05-17 3:00,13.3,49
2022-05-17 4:00,12.6,55
2022-05-17 5:00,12.1,58
2022-05-17 6:00,10.9,68
2022-05-17 7:00,13.8,61
2022-05-17 8:00,16.6,50
2022-05-17 9:00,19.6,42
2022-05-17 10:00,22.3,37
2022-05-17 11:00,24.6,35
2022-05-17 12:00,25.8,29
2022-05-17 13:00,26.9,28
2022-05-17 14:00,27.3,27
2022-05-17 15:00,28.4,25
2022-05-17 16:00,27.7,25
2022-05-17 17:00,27.6,27
2022-05-17 18:00,25.7,32
2022-05-17 19:00,23.3,39
2022-05-17 20:00,21.6,43
2022-05-17 21:00,20.6,47
2022-05-17 22:00,19.6,51
2022-05-17 23:00,19.0,54
2022-05-18 0:00,19.0,52
2022-05-18 1:00,18.7,53
2022-05-18 2:00,18.6,50
2022-05-18 3:00,18.4,49
2022-05-18 4:00,18.4,49
2022-05-18 5:00,17.8,50
2022-05-18 6:00,16.8,58
2022-05-18 7:00,18.3,57
2022-05-18 8:00,21.1,42
2022-05-18 9:00,23.0,34
2022-05-18 10:00,25.0,28
2022-05-18 11:00,25.5,28
2022-05-18 12:00,25.8,28
2022-05-18 13:00,27.2,24
2022-05-18 14:00,27.4,22
2022-05-18 15:00,27.9,21
2022-05-18 16:00,27.7,21
2022-05-18 17:00,26.9,22
2022-05-18 18:00,25.5,24
2022-05-18 19:00,24.0,26
2022-05-18 20:00,22.8,29
2022-05-18 21:00,22.0,32
2022-05-18 22:00,21.3,31
2022-05-18 23:00,20.4,34
2022-05-19 0:00,19.4,37
2022-05-19 1:00,18.1,40
2022-05-19 2:00,18.9,34
2022-05-19 3:00,17.7,37
2022-05-19 4:00,18.4,32
2022-05-19 5:00,17.9,34
2022-05-19 6:00,17.7,36
2022-05-19 7:00,19.2,35
2022-05-19 8:00,20.7,32
2022-05-19 9:00,22.2,26
2022-05-19 10:00,22.3,27
2022-05-19 11:00,23.3,25
2022-05-19 12:00,24.1,22
2022-05-19 13:00,24.4,23
2022-05-19 14:00,24.6,23
2022-05-19 15:00,24.4,24
2022-05-19 16:00,25.0,23
2022-05-19 17:00,25.2,20
2022-05-19 18:00,23.3,22
2022-05-19 19:00,21.9,29
2022-05-19 20:00,20.4,34
2022-05-19 21:00,19.5,37
2022-05-19 22:00,18.6,40
2022-05-19 23:00,18.5,40
2022-05-20 0:00,17.0,47
2022-05-20 1:00,16.0,52
2022-05-20 2:00,15.3,56
2022-05-20 3:00,14.8,59
2022-05-20 4:00,14.3,61
2022-05-20 5:00,14.1,62
2022-05-20 6:00,13.9,66
2022-05-20 7:00,15.4,59
2022-05-20 8:00,17.8,53
2022-05-20 9:00,19.5,48
2022-05-20 10:00,21.6,41
2022-05-20 11:00,22.3,49
2022-05-20 12:00,24.8,42
2022-05-20 13:00,25.7,35
2022-05-20 14:00,26.5,31
2022-05-20 15:00,27.2,31
2022-05-20 16:00,27.4,31
2022-05-20 17:00,27.5,33
2022-05-20 18:00,26.3,40
2022-05-20 19:00,23.5,51
2022-05-20 20:00,22.4,50
2022-05-20 21:00,21.0,53
2022-05-20 22:00,19.4,63
2022-05-20 23:00,18.6,71
2022-05-21 0:00,17.9,74
2022-05-21 1:00,16.8,78
2022-05-21 2:00,16.1,81
2022-05-21 3:00,15.6,83
2022-05-21 4:00,15.0,86
2022-05-21 5:00,14.4,88
2022-05-21 6:00,14.5,88
2022-05-21 7:00,16.5,81
2022-05-21 8:00,18.9,71
2022-05-21 9:00,21.2,62
2022-05-21 10:00,22.9,56
2022-05-21 11:00,24.3,49
2022-05-21 12:00,25.1,46
2022-05-21 13:00,26.3,43
2022-05-21 14:00,27.4,38
2022-05-21 15:00,26.9,40
2022-05-21 16:00,28.0,37
2022-05-21 17:00,27.1,46
2022-05-21 18:00,25.8,46
2022-05-21 19:00,23.8,47
2022-05-21 20:00,22.0,54
2022-05-21 21:00,20.1,64
2022-05-21 22:00,18.7,76
2022-05-21 23:00,17.8,81
2022-05-22 0:00,17.1,83
2022-05-22 1:00,16.8,85
2022-05-22 2:00,16.6,84
2022-05-22 3:00,16.5,83
2022-05-22 4:00,16.1,83
2022-05-22 5:00,15.8,83
2022-05-22 6:00,15.7,84
2022-05-22 7:00,16.6,80
2022-05-22 8:00,18.1,73
2022-05-22 9:00,20.5,61
2022-05-22 10:00,22.2,53
2022-05-22 11:00,24.0,51
2022-05-22 12:00,24.8,48
2022-05-22 13:00,26.3,48
2022-05-22 14:00,27.3,45
2022-05-22 15:00,27.1,47
2022-05-22 16:00,27.2,47
2022-05-22 17:00,26.3,51
2022-05-22 18:00,25.4,55
2022-05-22 19:00,22.6,63
2022-05-22 20:00,21.1,71
2022-05-22 21:00,20.3,75
2022-05-22 22:00,19.6,78
2022-05-22 23:00,18.8,81
2022-05-23 0:00,18.5,83
2022-05-23 1:00,18.1,85
2022-05-23 2:00,17.4,88
2022-05-23 3:00,17.0,89
2022-05-23 4:00,16.7,91
2022-05-23 5:00,16.4,91
2022-05-23 6:00,16.2,91
2022-05-23 7:00,18.6,84
2022-05-23 8:00,20.2,77
2022-05-23 9:00,22.4,65
2022-05-23 10:00,24.4,56
2022-05-23 11:00,26.3,53
2022-05-23 12:00,27.6,50
2022-05-23 13:00,29.1,44
2022-05-23 14:00,29.3,41
2022-05-23 15:00,29.7,39
2022-05-23 16:00,28.9,43
2022-05-23 17:00,28.5,42
2022-05-23 18:00,27.0,46
2022-05-23 19:00,25.5,50
2022-05-23 20:00,23.4,54
2022-05-23 21:00,21.9,53
2022-05-23 22:00,21.0,53
2022-05-23 23:00,19.9,63
2022-05-24 0:00,18.8,69
2022-05-24 1:00,18.1,73
2022-05-24 2:00,17.7,74
2022-05-24 3:00,17.3,77
2022-05-24 4:00,16.0,82
2022-05-24 5:00,15.3,84
2022-05-24 6:00,15.3,83
2022-05-24 7:00,17.6,77
2022-05-24 8:00,19.7,67
2022-05-24 9:00,22.4,54
2022-05-24 10:00,24.4,38
2022-05-24 11:00,26.4,36
2022-05-24 12:00,27.8,33
2022-05-24 13:00,29.0,30
2022-05-24 14:00,29.6,27
2022-05-24 15:00,30.6,27
2022-05-24 16:00,31.0,24
2022-05-24 17:00,30.9,26
2022-05-24 18:00,29.7,30
2022-05-24 19:00,26.8,41
2022-05-24 20:00,24.3,43
2022-05-24 21:00,22.8,39
2022-05-24 22:00,21.3,44
2022-05-24 23:00,20.3,49
2022-05-25 0:00,19.0,54
2022-05-25 1:00,18.9,56
2022-05-25 2:00,18.1,61
2022-05-25 3:00,17.0,64
2022-05-25 4:00,16.7,68
2022-05-25 5:00,15.9,71
2022-05-25 6:00,15.9,73
2022-05-25 7:00,18.2,66
2022-05-25 8:00,20.8,57
2022-05-25 9:00,22.5,51
2022-05-25 10:00,25.1,41
2022-05-25 11:00,26.3,37
2022-05-25 12:00,27.8,37
2022-05-25 13:00,28.8,36
2022-05-25 14:00,28.3,37
2022-05-25 15:00,29.4,36
2022-05-25 16:00,29.2,37
2022-05-25 17:00,27.8,41
2022-05-25 18:00,25.9,46
2022-05-25 19:00,23.8,53
2022-05-25 20:00,21.7,49
2022-05-25 21:00,20.9,56
2022-05-25 22:00,19.9,64
2022-05-25 23:00,19.3,68
2022-05-26 0:00,19.1,70
2022-05-26 1:00,17.3,88
2022-05-26 2:00,16.1,89
2022-05-26 3:00,15.5,85
2022-05-26 4:00,14.4,92
2022-05-26 5:00,14.4,84
2022-05-26 6:00,14.0,92
2022-05-26 7:00,15.4,83
2022-05-26 8:00,16.8,72
2022-05-26 9:00,18.2,65
2022-05-26 10:00,19.8,58
2022-05-26 11:00,21.6,53
2022-05-26 12:00,23.0,44
2022-05-26 13:00,23.7,41
2022-05-26 14:00,23.9,37
2022-05-26 15:00,25.5,31
2022-05-26 16:00,25.9,32
2022-05-26 17:00,24.3,34
2022-05-26 18:00,24.0,30
2022-05-26 19:00,21.9,36
2022-05-26 20:00,20.0,41
2022-05-26 21:00,18.9,41
2022-05-26 22:00,17.7,45
2022-05-26 23:00,16.7,63
2022-05-27 0:00,16.3,59
2022-05-27 1:00,15.9,60
2022-05-27 2:00,16.0,62
2022-05-27 3:00,16.3,62
2022-05-27 4:00,16.2,65
2022-05-27 5:00,16.3,69
2022-05-27 6:00,16.7,72
2022-05-27 7:00,17.5,72
2022-05-27 8:00,19.6,63
2022-05-27 9:00,21.1,55
2022-05-27 10:00,23.3,48
2022-05-27 11:00,24.3,45
2022-05-27 12:00,25.0,41
2022-05-27 13:00,26.9,36
2022-05-27 14:00,26.9,31
2022-05-27 15:00,27.8,30
2022-05-27 16:00,28.1,31
2022-05-27 17:00,26.7,29
2022-05-27 18:00,26.4,29
2022-05-27 19:00,24.2,35
2022-05-27 20:00,21.9,50
2022-05-27 21:00,20.5,54
2022-05-27 22:00,19.4,60
2022-05-27 23:00,18.8,59
2022-05-28 0:00,18.2,71
2022-05-28 1:00,17.5,76
2022-05-28 2:00,17.5,75
2022-05-28 3:00,17.1,77
2022-05-28 4:00,17.7,73
2022-05-28 5:00,17.9,68
2022-05-28 6:00,18.1,66
2022-05-28 7:00,19.7,63
2022-05-28 8:00,21.4,49
2022-05-28 9:00,22.6,42
2022-05-28 10:00,24.1,41
2022-05-28 11:00,25.1,40
2022-05-28 12:00,26.9,35
2022-05-28 13:00,27.9,33
2022-05-28 14:00,28.5,28
2022-05-28 15:00,29.6,23
2022-05-28 16:00,29.5,19
2022-05-28 17:00,28.8,21
2022-05-28 18:00,28.4,21
2022-05-28 19:00,26.3,22
2022-05-28 20:00,24.5,24
2022-05-28 21:00,22.6,29
2022-05-28 22:00,20.9,36
2022-05-28 23:00,19.8,42
2022-05-29 0:00,19.4,49
2022-05-29 1:00,18.8,57
2022-05-29 2:00,18.5,64
2022-05-29 3:00,16.6,65
2022-05-29 4:00,15.4,71
2022-05-29 5:00,15.5,74
2022-05-29 6:00,15.3,75
2022-05-29 7:00,17.9,67
2022-05-29 8:00,20.2,60
2022-05-29 9:00,22.9,52
2022-05-29 10:00,24.4,40
2022-05-29 11:00,26.5,34
2022-05-29 12:00,26.8,31
2022-05-29 13:00,29.1,30
2022-05-29 14:00,28.8,29
2022-05-29 15:00,29.8,27
2022-05-29 16:00,30.8,26
2022-05-29 17:00,30.4,27
2022-05-29 18:00,30.5,30
2022-05-29 19:00,27.8,36
2022-05-29 20:00,26.0,45
2022-05-29 21:00,24.0,57
2022-05-29 22:00,22.9,63
2022-05-29 23:00,21.9,65
2022-05-30 0:00,21.3,65
2022-05-30 1:00,20.7,62
2022-05-30 2:00,20.3,63
2022-05-30 3:00,20.4,64
2022-05-30 4:00,20.0,64
2022-05-30 5:00,19.8,65
2022-05-30 6:00,19.9,66
2022-05-30 7:00,20.3,68
2022-05-30 8:00,21.2,66
2022-05-30 9:00,21.5,67
2022-05-30 10:00,22.2,63
2022-05-30 11:00,24.0,58
2022-05-30 12:00,23.5,62
2022-05-30 13:00,23.3,62
2022-05-30 14:00,24.8,60
2022-05-30 15:00,24.4,59
2022-05-30 16:00,23.5,61
2022-05-30 17:00,22.6,67
2022-05-30 18:00,22.5,67
2022-05-30 19:00,21.7,69
2022-05-30 20:00,21.2,71
2022-05-30 21:00,20.5,74
2022-05-30 22:00,20.1,76
2022-05-30 23:00,19.3,79
2022-05-31 0:00,18.1,70
2022-05-31 1:00,16.8,67
2022-05-31 2:00,15.9,66
2022-05-31 3:00,15.1,64
2022-05-31 4:00,14.6,62
2022-05-31 5:00,13.5,71
2022-05-31 6:00,13.7,72
2022-05-31 7:00,16.7,65
2022-05-31 8:00,19.1,53
2022-05-31 9:00,21.5,38
2022-05-31 10:00,23.5,36
2022-05-31 11:00,25.0,33
2022-05-31 12:00,26.8,24
2022-05-31 13:00,27.2,24
2022-05-31 14:00,28.0,26
2022-05-31 15:00,28.1,25
2022-05-31 16:00,28.3,27
2022-05-31 17:00,27.6,23
2022-05-31 18:00,26.4,25
2022-05-31 19:00,24.2,25
2022-05-31 20:00,22.5,26
2022-05-31 21:00,21.1,30
2022-05-31 22:00,20.2,33
2022-05-31 23:00,19.4,33
2022-06-01 0:00,18.5,38
2022-06-01 1:00,17.8,42
2022-06-01 2:00,16.7,47
2022-06-01 3:00,16.4,51
2022-06-01 4:00,16.3,52
2022-06-01 5:00,15.7,56
2022-06-01 6:00,15.5,57
2022-06-01 7:00,18.0,50
2022-06-01 8:00,20.5,45
2022-06-01 9:00,23.0,35
2022-06-01 10:00,25.2,29
2022-06-01 11:00,27.4,26
2022-06-01 12:00,28.5,21
2022-06-01 13:00,29.7,16
2022-06-01 14:00,31.1,15
2022-06-01 15:00,30.8,16
2022-06-01 16:00,30.9,16
2022-06-01 17:00,30.7,15
2022-06-01 18:00,29.9,16
2022-06-01 19:00,27.3,19
2022-06-01 20:00,23.7,26
2022-06-01 21:00,22.5,30
2022-06-01 22:00,20.8,41
2022-06-01 23:00,19.8,42
2022-06-02 0:00,19.3,43
2022-06-02 1:00,18.8,45
2022-06-02 2:00,17.5,51
2022-06-02 3:00,16.9,61
2022-06-02 4:00,16.5,68
2022-06-02 5:00,14.9,71
2022-06-02 6:00,15.4,75
2022-06-02 7:00,17.4,67
2022-06-02 8:00,19.6,70
2022-06-02 9:00,21.6,59
2022-06-02 10:00,23.4,51
2022-06-02 11:00,25.2,45
2022-06-02 12:00,26.9,42
2022-06-02 13:00,28.2,39
2022-06-02 14:00,28.3,39
2022-06-02 15:00,28.5,40
2022-06-02 16:00,29.3,42
2022-06-02 17:00,27.9,44
2022-06-02 18:00,27.9,45
2022-06-02 19:00,26.0,47
2022-06-02 20:00,24.4,49
2022-06-02 21:00,23.1,61
2022-06-02 22:00,21.3,78
2022-06-02 23:00,20.4,80
2022-06-03 0:00,19.7,81
2022-06-03 1:00,19.4,82
2022-06-03 2:00,19.3,81
2022-06-03 3:00,17.9,86
2022-06-03 4:00,18.0,87
2022-06-03 5:00,17.6,88
2022-06-03 6:00,18.3,85
2022-06-03 7:00,19.6,78
2022-06-03 8:00,20.6,73
2022-06-03 9:00,22.8,61
2022-06-03 10:00,24.6,56
2022-06-03 11:00,26.1,49
2022-06-03 12:00,28.2,40
2022-06-03 13:00,29.8,35
2022-06-03 14:00,31.7,31
2022-06-03 15:00,32.4,28
2022-06-03 16:00,32.8,29
2022-06-03 17:00,32.4,35
2022-06-03 18:00,31.0,38
2022-06-03 19:00,29.5,40
2022-06-03 20:00,28.1,41
2022-06-03 21:00,25.8,56
2022-06-03 22:00,23.5,66
2022-06-03 23:00,22.5,72
2022-06-04 0:00,22.0,75
2022-06-04 1:00,21.8,56
2022-06-04 2:00,21.3,56
2022-06-04 3:00,20.9,57
2022-06-04 4:00,19.7,62
2022-06-04 5:00,19.1,66
2022-06-04 6:00,19.2,66
2022-06-04 7:00,19.8,65
2022-06-04 8:00,21.3,59
2022-06-04 9:00,23.8,53
2022-06-04 10:00,25.2,48
2022-06-04 11:00,27.1,43
2022-06-04 12:00,27.9,43
2022-06-04 13:00,28.1,42
2022-06-04 14:00,29.7,39
2022-06-04 15:00,29.8,39
2022-06-04 16:00,29.7,42
2022-06-04 17:00,29.7,42
2022-06-04 18:00,28.7,42
2022-06-04 19:00,27.8,42
2022-06-04 20:00,26.7,44
2022-06-04 21:00,25.8,45
2022-06-04 22:00,25.0,47
2022-06-04 23:00,24.9,47
2022-06-05 0:00,24.6,47
2022-06-05 1:00,23.7,46
2022-06-05 2:00,22.9,46
2022-06-05 3:00,22.2,51
2022-06-05 4:00,21.5,55
2022-06-05 5:00,20.4,62
2022-06-05 6:00,19.3,68
2022-06-05 7:00,18.1,76
2022-06-05 8:00,18.1,83
2022-06-05 9:00,18.5,74
2022-06-05 10:00,18.9,73
2022-06-05 11:00,19.4,71
2022-06-05 12:00,19.9,69
2022-06-05 13:00,19.1,73
2022-06-05 14:00,17.7,86
2022-06-05 15:00,17.3,92
2022-06-05 16:00,17.6,92
2022-06-05 17:00,17.4,92
2022-06-05 18:00,17.4,91
2022-06-05 19:00,17.2,94
2022-06-05 20:00,17.3,95
2022-06-05 21:00,17.0,93
2022-06-05 22:00,17.0,91
2022-06-05 23:00,17.0,93
2022-06-06 0:00,17.3,92
2022-06-06 1:00,17.2,92
2022-06-06 2:00,17.0,94
2022-06-06 3:00,17.0,93
2022-06-06 4:00,17.1,93
2022-06-06 5:00,17.0,95
2022-06-06 6:00,16.6,96
2022-06-06 7:00,17.8,94
2022-06-06 8:00,18.4,91
2022-06-06 9:00,18.9,87
2022-06-06 10:00,19.0,85
2022-06-06 11:00,19.5,83
2022-06-06 12:00,19.5,82
2022-06-06 13:00,21.0,75
2022-06-06 14:00,21.5,72
2022-06-06 15:00,22.8,65
2022-06-06 16:00,22.0,66
2022-06-06 17:00,22.7,63
2022-06-06 18:00,22.7,60
2022-06-06 19:00,21.2,61
2022-06-06 20:00,20.6,64
2022-06-06 21:00,19.6,67
2022-06-06 22:00,19.2,69
2022-06-06 23:00,18.8,71
2022-06-07 0:00,18.3,76
2022-06-07 1:00,17.3,80
2022-06-07 2:00,16.4,82
2022-06-07 3:00,15.9,80
2022-06-07 4:00,15.4,79
2022-06-07 5:00,15.1,81
2022-06-07 6:00,15.2,81
2022-06-07 7:00,16.8,73
2022-06-07 8:00,19.0,65
2022-06-07 9:00,19.4,63
2022-06-07 10:00,20.3,60
2022-06-07 11:00,20.0,61
2022-06-07 12:00,19.0,66
2022-06-07 13:00,18.2,78
2022-06-07 14:00,18.2,79
2022-06-07 15:00,18.0,82
2022-06-07 16:00,18.0,81
2022-06-07 17:00,17.5,81
2022-06-07 18:00,17.7,82
2022-06-07 19:00,17.4,82
2022-06-07 20:00,17.0,84
2022-06-07 21:00,16.8,85
2022-06-07 22:00,16.5,86
2022-06-07 23:00,16.3,84
2022-06-08 0:00,16.5,82
2022-06-08 1:00,16.4,81
2022-06-08 2:00,16.2,80
2022-06-08 3:00,16.1,81
2022-06-08 4:00,15.9,81
2022-06-08 5:00,15.7,81
2022-06-08 6:00,15.9,82
2022-06-08 7:00,17.8,74
2022-06-08 8:00,17.7,74
2022-06-08 9:00,19.0,69
2022-06-08 10:00,19.6,67
2022-06-08 11:00,21.1,62
2022-06-08 12:00,22.4,59
2022-06-08 13:00,23.5,51
2022-06-08 14:00,24.9,47
2022-06-08 15:00,25.3,45
2022-06-08 16:00,26.4,40
2022-06-08 17:00,26.9,37
2022-06-08 18:00,25.0,44
2022-06-08 19:00,23.5,51
2022-06-08 20:00,22.6,55
2022-06-08 21:00,21.8,57
2022-06-08 22:00,20.6,76
2022-06-08 23:00,20.1,77
2022-06-09 0:00,20.0,79
2022-06-09 1:00,19.4,84
2022-06-09 2:00,19.0,83
2022-06-09 3:00,18.9,83
2022-06-09 4:00,18.9,84
2022-06-09 5:00,18.7,85
2022-06-09 6:00,18.7,83
2022-06-09 7:00,19.2,73
2022-06-09 8:00,19.5,73
2022-06-09 9:00,21.8,68
2022-06-09 10:00,22.9,61
2022-06-09 11:00,24.0,62
2022-06-09 12:00,25.2,57
2022-06-09 13:00,26.0,48
2022-06-09 14:00,26.7,43
2022-06-09 15:00,27.4,45
2022-06-09 16:00,27.4,49
2022-06-09 17:00,26.7,51
2022-06-09 18:00,25.0,54
2022-06-09 19:00,24.1,58
2022-06-09 20:00,23.4,63
2022-06-09 21:00,22.4,66
2022-06-09 22:00,21.7,65
2022-06-09 23:00,21.0,69
2022-06-10 0:00,19.9,74
2022-06-10 1:00,19.4,77
2022-06-10 2:00,18.5,80
2022-06-10 3:00,17.8,84
2022-06-10 4:00,17.8,84
2022-06-10 5:00,17.3,86
2022-06-10 6:00,17.3,87
2022-06-10 7:00,19.1,82
2022-06-10 8:00,20.8,79
2022-06-10 9:00,22.7,68
2022-06-10 10:00,25.7,62
2022-06-10 11:00,27.5,54
2022-06-10 12:00,27.7,48
2022-06-10 13:00,28.5,41
2022-06-10 14:00,29.8,41
2022-06-10 15:00,29.2,40
2022-06-10 16:00,29.3,42
2022-06-10 17:00,28.7,42
2022-06-10 18:00,28.2,44
2022-06-10 19:00,27.1,50
2022-06-10 20:00,25.7,55
2022-06-10 21:00,24.0,58
2022-06-10 22:00,23.1,61
2022-06-10 23:00,22.6,60
2022-06-11 0:00,22.0,62
2022-06-11 1:00,20.8,67
2022-06-11 2:00,20.5,68
2022-06-11 3:00,20.2,70
2022-06-11 4:00,19.5,73
2022-06-11 5:00,19.3,75
2022-06-11 6:00,19.1,77
2022-06-11 7:00,20.1,75
2022-06-11 8:00,21.7,69
2022-06-11 9:00,23.6,58
2022-06-11 10:00,26.1,53
2022-06-11 11:00,27.5,47
2022-06-11 12:00,28.9,44
2022-06-11 13:00,29.4,38
2022-06-11 14:00,31.0,34
2022-06-11 15:00,29.8,39
2022-06-11 16:00,30.5,38
2022-06-11 17:00,28.5,45
2022-06-11 18:00,27.7,50
2022-06-11 19:00,25.1,59
2022-06-11 20:00,24.1,60
2022-06-11 21:00,23.3,61
2022-06-11 22:00,23.0,62
2022-06-11 23:00,22.8,62
2022-06-12 0:00,21.9,63
2022-06-12 1:00,21.7,62
2022-06-12 2:00,20.9,60
2022-06-12 3:00,20.5,60
2022-06-12 4:00,20.1,60
2022-06-12 5:00,19.5,60
2022-06-12 6:00,19.7,60
2022-06-12 7:00,21.3,55
2022-06-12 8:00,22.2,52
2022-06-12 9:00,24.5,49
2022-06-12 10:00,25.9,48
2022-06-12 11:00,26.6,45
2022-06-12 12:00,28.7,42
2022-06-12 13:00,28.3,43
2022-06-12 14:00,27.7,44
2022-06-12 15:00,29.1,44
2022-06-12 16:00,29.1,42
2022-06-12 17:00,28.8,44
2022-06-12 18:00,27.6,46
2022-06-12 19:00,25.3,59
2022-06-12 20:00,24.1,64
2022-06-12 21:00,23.1,67
2022-06-12 22:00,22.3,70
2022-06-12 23:00,21.6,75
2022-06-13 0:00,21.0,80
2022-06-13 1:00,21.1,79
2022-06-13 2:00,20.7,81
2022-06-13 3:00,20.3,83
2022-06-13 4:00,20.4,77
2022-06-13 5:00,20.1,69
2022-06-13 6:00,19.9,71
2022-06-13 7:00,20.6,67
2022-06-13 8:00,21.5,59
2022-06-13 9:00,23.6,51
2022-06-13 10:00,24.3,49
2022-06-13 11:00,26.3,44
2022-06-13 12:00,25.8,47
2022-06-13 13:00,26.5,46
2022-06-13 14:00,27.0,44
2022-06-13 15:00,27.6,41
2022-06-13 16:00,27.2,39
2022-06-13 17:00,27.1,37
2022-06-13 18:00,26.0,36
2022-06-13 19:00,25.0,39
2022-06-13 20:00,23.4,43
2022-06-13 21:00,22.2,48
2022-06-13 22:00,21.6,51
2022-06-13 23:00,20.5,54
2022-06-14 0:00,19.7,57
2022-06-14 1:00,19.1,60
2022-06-14 2:00,19.0,60
2022-06-14 3:00,19.2,60
2022-06-14 4:00,19.1,62
2022-06-14 5:00,19.1,60
2022-06-14 6:00,19.2,60
2022-06-14 7:00,19.4,58
2022-06-14 8:00,19.3,61
2022-06-14 9:00,18.5,71
2022-06-14 10:00,18.9,71
2022-06-14 11:00,20.1,63
2022-06-14 12:00,18.9,72
2022-06-14 13:00,17.3,83
2022-06-14 14:00,17.5,79
2022-06-14 15:00,17.5,82
2022-06-14 16:00,17.9,77
2022-06-14 17:00,18.0,76
2022-06-14 18:00,17.3,83
2022-06-14 19:00,16.9,83
2022-06-14 20:00,17.0,82
2022-06-14 21:00,16.8,87
2022-06-14 22:00,16.7,85
2022-06-14 23:00,16.3,90
2022-06-15 0:00,16.0,93
2022-06-15 1:00,16.0,93
2022-06-15 2:00,15.9,94
2022-06-15 3:00,15.6,94
2022-06-15 4:00,15.4,94
2022-06-15 5:00,15.5,94
2022-06-15 6:00,15.6,95
2022-06-15 7:00,15.9,94
2022-06-15 8:00,16.4,93
2022-06-15 9:00,16.4,94
2022-06-15 10:00,16.8,95
2022-06-15 11:00,19.5,84
2022-06-15 12:00,20.8,78
2022-06-15 13:00,22.5,78
2022-06-15 14:00,23.3,71
2022-06-15 15:00,24.6,65
2022-06-15 16:00,25.5,57
2022-06-15 17:00,25.2,57
2022-06-15 18:00,23.5,65
2022-06-15 19:00,22.3,70
2022-06-15 20:00,21.4,71
2022-06-15 21:00,21.0,75
2022-06-15 22:00,20.8,70
2022-06-15 23:00,20.5,73
2022-06-16 0:00,20.5,75
2022-06-16 1:00,20.5,78
2022-06-16 2:00,20.1,75
2022-06-16 3:00,19.6,80
2022-06-16 4:00,19.4,79
2022-06-16 5:00,18.9,76
2022-06-16 6:00,18.9,73
2022-06-16 7:00,19.1,71
2022-06-16 8:00,19.5,64
2022-06-16 9:00,19.4,64
2022-06-16 10:00,22.1,56
2022-06-16 11:00,23.4,52
2022-06-16 12:00,23.7,52
2022-06-16 13:00,24.3,48
2022-06-16 14:00,26.4,44
2022-06-16 15:00,26.5,44
2022-06-16 16:00,26.7,43
2022-06-16 17:00,27.5,42
2022-06-16 18:00,26.3,46
2022-06-16 19:00,24.5,49
2022-06-16 20:00,23.4,52
2022-06-16 21:00,22.4,57
2022-06-16 22:00,21.2,63
2022-06-16 23:00,20.1,70
2022-06-17 0:00,18.8,77
2022-06-17 1:00,18.2,79
2022-06-17 2:00,18.1,80
2022-06-17 3:00,18.3,81
2022-06-17 4:00,17.6,83
2022-06-17 5:00,17.3,86
2022-06-17 6:00,17.7,85
2022-06-17 7:00,19.2,80
2022-06-17 8:00,21.5,69
2022-06-17 9:00,22.7,69
2022-06-17 10:00,21.8,75
2022-06-17 11:00,23.5,68
2022-06-17 12:00,24.4,62
2022-06-17 13:00,25.0,61
2022-06-17 14:00,26.5,59
2022-06-17 15:00,27.8,57
2022-06-17 16:00,28.6,53
2022-06-17 17:00,29.1,53
2022-06-17 18:00,28.0,59
2022-06-17 19:00,26.5,65
2022-06-17 20:00,26.1,65
2022-06-17 21:00,25.5,68
2022-06-17 22:00,24.1,76
2022-06-17 23:00,23.3,76
2022-06-18 0:00,23.1,77
2022-06-18 1:00,22.9,78
2022-06-18 2:00,22.7,80
2022-06-18 3:00,22.6,80
2022-06-18 4:00,22.5,81
2022-06-18 5:00,22.1,82
2022-06-18 6:00,21.9,84
2022-06-18 7:00,22.6,81
2022-06-18 8:00,24.5,76
2022-06-18 9:00,26.4,67
2022-06-18 10:00,26.1,61
2022-06-18 11:00,26.4,62
2022-06-18 12:00,27.5,60
2022-06-18 13:00,27.8,57
2022-06-18 14:00,27.5,58
2022-06-18 15:00,27.4,58
2022-06-18 16:00,29.0,55
2022-06-18 17:00,28.7,54
2022-06-18 18:00,28.5,58
2022-06-18 19:00,26.9,63
2022-06-18 20:00,25.3,68
2022-06-18 21:00,24.3,69
2022-06-18 22:00,23.6,72
2022-06-18 23:00,23.3,75
2022-06-19 0:00,22.8,78
2022-06-19 1:00,22.6,78
2022-06-19 2:00,22.4,80
2022-06-19 3:00,22.3,80
2022-06-19 4:00,21.8,82
2022-06-19 5:00,21.7,85
2022-06-19 6:00,21.7,84
2022-06-19 7:00,22.5,82
2022-06-19 8:00,23.3,78
2022-06-19 9:00,24.8,69
2022-06-19 10:00,25.9,62
2022-06-19 11:00,26.4,63
2022-06-19 12:00,26.5,63
2022-06-19 13:00,27.9,57
2022-06-19 14:00,28.0,59
2022-06-19 15:00,28.4,59
2022-06-19 16:00,28.4,57
2022-06-19 17:00,28.2,61
2022-06-19 18:00,27.8,62
2022-06-19 19:00,27.1,65
2022-06-19 20:00,26.4,69
2022-06-19 21:00,25.1,75
2022-06-19 22:00,24.3,77
2022-06-19 23:00,24.2,78
2022-06-20 0:00,23.9,80
2022-06-20 1:00,23.9,80
2022-06-20 2:00,23.5,81
2022-06-20 3:00,22.9,84
2022-06-20 4:00,22.7,85
2022-06-20 5:00,22.5,86
2022-06-20 6:00,22.3,87
2022-06-20 7:00,23.2,84
2022-06-20 8:00,24.4,77
2022-06-20 9:00,25.3,73
2022-06-20 10:00,26.7,62
2022-06-20 11:00,28.0,58
2022-06-20 12:00,29.1,54
2022-06-20 13:00,30.4,51
2022-06-20 14:00,32.0,48
2022-06-20 15:00,32.3,49
2022-06-20 16:00,32.2,50
2022-06-20 17:00,31.9,49
2022-06-20 18:00,31.3,49
2022-06-20 19:00,30.1,54
2022-06-20 20:00,28.3,60
2022-06-20 21:00,26.9,67
2022-06-20 22:00,25.7,70
2022-06-20 23:00,25.1,73
2022-06-21 0:00,24.6,74
2022-06-21 1:00,23.9,78
2022-06-21 2:00,23.7,78
2022-06-21 3:00,23.1,81
2022-06-21 4:00,22.6,82
2022-06-21 5:00,22.1,84
2022-06-21 6:00,22.1,84
2022-06-21 7:00,23.8,77
2022-06-21 8:00,25.6,71
2022-06-21 9:00,27.3,66
2022-06-21 10:00,29.5,62
2022-06-21 11:00,30.9,56
2022-06-21 12:00,31.7,51
2022-06-21 13:00,33.0,46
2022-06-21 14:00,34.3,45
2022-06-21 15:00,34.6,41
2022-06-21 16:00,35.5,35
2022-06-21 17:00,35.5,35
2022-06-21 18:00,33.9,42
2022-06-21 19:00,31.2,51
2022-06-21 20:00,29.2,54
2022-06-21 21:00,27.6,52
2022-06-21 22:00,26.5,55
2022-06-21 23:00,25.5,71
2022-06-22 0:00,24.2,77
2022-06-22 1:00,23.4,80
2022-06-22 2:00,22.7,82
2022-06-22 3:00,22.4,84
2022-06-22 4:00,22.4,84
2022-06-22 5:00,22.2,84
2022-06-22 6:00,22.3,83
2022-06-22 7:00,22.8,81
2022-06-22 8:00,23.3,78
2022-06-22 9:00,25.6,69
2022-06-22 10:00,27.5,58
2022-06-22 11:00,29.3,46
2022-06-22 12:00,31.5,43
2022-06-22 13:00,32.4,36
2022-06-22 14:00,33.4,37
2022-06-22 15:00,33.3,34
2022-06-22 16:00,33.1,32
2022-06-22 17:00,32.6,42
2022-06-22 18:00,32.5,40
2022-06-22 19:00,30.7,46
2022-06-22 20:00,29.3,53
2022-06-22 21:00,27.7,62
2022-06-22 22:00,26.4,68
2022-06-22 23:00,25.7,70
2022-06-23 0:00,25.0,73
2022-06-23 1:00,24.4,75
2022-06-23 2:00,23.4,79
2022-06-23 3:00,23.3,79
2022-06-23 4:00,23.3,79
2022-06-23 5:00,22.8,82
2022-06-23 6:00,23.6,81
2022-06-23 7:00,25.3,73
2022-06-23 8:00,26.7,70
2022-06-23 9:00,27.6,68
2022-06-23 10:00,28.9,63
2022-06-23 11:00,29.5,62
2022-06-23 12:00,26.5,82
2022-06-23 13:00,25.5,89
2022-06-23 14:00,25.1,92
2022-06-23 15:00,25.7,88
2022-06-23 16:00,26.1,85
2022-06-23 17:00,25.8,87
2022-06-23 18:00,25.8,85
2022-06-23 19:00,26.2,80
2022-06-23 20:00,26.0,82
2022-06-23 21:00,24.4,91
2022-06-23 22:00,24.3,91
2022-06-23 23:00,24.0,94
2022-06-24 0:00,24.2,92
2022-06-24 1:00,23.8,91
2022-06-24 2:00,23.7,93
2022-06-24 3:00,23.5,94
2022-06-24 4:00,23.5,94
2022-06-24 5:00,23.9,90
2022-06-24 6:00,23.6,91
2022-06-24 7:00,23.3,92
2022-06-24 8:00,23.7,86
2022-06-24 9:00,24.6,81
2022-06-24 10:00,25.1,73
2022-06-24 11:00,25.7,69
2022-06-24 12:00,26.1,68
2022-06-24 13:00,26.8,65
2022-06-24 14:00,27.7,61
2022-06-24 15:00,28.7,60
2022-06-24 16:00,28.2,63
2022-06-24 17:00,28.4,62
2022-06-24 18:00,26.6,67
2022-06-24 19:00,25.6,70
2022-06-24 20:00,24.3,71
2022-06-24 21:00,23.7,78
2022-06-24 22:00,23.7,78
2022-06-24 23:00,23.4,79
2022-06-25 0:00,23.1,83
2022-06-25 1:00,22.9,84
2022-06-25 2:00,22.9,84
2022-06-25 3:00,23.0,84
2022-06-25 4:00,23.1,84
2022-06-25 5:00,23.2,84
2022-06-25 6:00,23.8,79
2022-06-25 7:00,24.0,81
2022-06-25 8:00,25.2,76
2022-06-25 9:00,27.1,69
2022-06-25 10:00,28.3,68
2022-06-25 11:00,29.7,65
2022-06-25 12:00,30.8,60
2022-06-25 13:00,32.1,55
2022-06-25 14:00,32.6,55
2022-06-25 15:00,32.3,52
2022-06-25 16:00,32.3,50
2022-06-25 17:00,31.5,57
2022-06-25 18:00,31.2,59
2022-06-25 19:00,29.6,63
2022-06-25 20:00,28.5,69
2022-06-25 21:00,28.0,72
2022-06-25 22:00,27.5,72
2022-06-25 23:00,26.8,73
2022-06-26 0:00,26.4,70
2022-06-26 1:00,26.1,70
2022-06-26 2:00,25.7,72
2022-06-26 3:00,25.6,72
2022-06-26 4:00,25.4,73
2022-06-26 5:00,25.1,75
2022-06-26 6:00,25.1,77
2022-06-26 7:00,25.6,76
2022-06-26 8:00,26.4,74
2022-06-26 9:00,26.7,75
2022-06-26 10:00,28.2,71
2022-06-26 11:00,28.7,67
2022-06-26 12:00,28.5,69
2022-06-26 13:00,29.5,67
2022-06-26 14:00,27.6,75
2022-06-26 15:00,27.0,83
2022-06-26 16:00,28.2,79
2022-06-26 17:00,30.3,68
2022-06-26 18:00,30.7,62
2022-06-26 19:00,29.6,64
2022-06-26 20:00,28.7,67
2022-06-26 21:00,28.6,67
2022-06-26 22:00,27.9,70
2022-06-26 23:00,27.2,74
2022-06-27 0:00,26.6,77
2022-06-27 1:00,26.9,71
2022-06-27 2:00,26.8,71
2022-06-27 3:00,26.6,72
2022-06-27 4:00,26.1,74
2022-06-27 5:00,26.0,76
2022-06-27 6:00,25.4,81
2022-06-27 7:00,25.7,84
2022-06-27 8:00,27.1,77
2022-06-27 9:00,28.4,75
2022-06-27 10:00,29.8,69
2022-06-27 11:00,30.2,63
2022-06-27 12:00,30.8,60
2022-06-27 13:00,29.9,64
2022-06-27 14:00,28.8,75
2022-06-27 15:00,27.7,87
2022-06-27 16:00,28.4,76
2022-06-27 17:00,28.3,73
2022-06-27 18:00,28.5,72
2022-06-27 19:00,28.5,68
2022-06-27 20:00,28.4,66
2022-06-27 21:00,28.4,64
2022-06-27 22:00,28.4,63
2022-06-27 23:00,28.2,63
2022-06-28 0:00,28.2,63
2022-06-28 1:00,28.0,63
2022-06-28 2:00,27.8,64
2022-06-28 3:00,27.8,64
2022-06-28 4:00,27.8,64
2022-06-28 5:00,27.7,65
2022-06-28 6:00,27.6,65
2022-06-28 7:00,27.9,65
2022-06-28 8:00,28.2,65
2022-06-28 9:00,28.9,63
2022-06-28 10:00,30.6,59
2022-06-28 11:00,30.5,57
2022-06-28 12:00,31.4,57
2022-06-28 13:00,31.3,58
2022-06-28 14:00,31.1,57
2022-06-28 15:00,31.9,53
2022-06-28 16:00,31.3,58
2022-06-28 17:00,30.7,57
2022-06-28 18:00,30.1,58
2022-06-28 19:00,29.6,59
2022-06-28 20:00,29.2,60
2022-06-28 21:00,28.9,60
2022-06-28 22:00,28.8,61
2022-06-28 23:00,28.6,61
2022-06-29 0:00,28.4,61
2022-06-29 1:00,28.2,63
2022-06-29 2:00,27.9,64
2022-06-29 3:00,28.1,62
2022-06-29 4:00,27.5,67
2022-06-29 5:00,26.8,72
2022-06-29 6:00,24.5,88
2022-06-29 7:00,24.2,91
2022-06-29 8:00,24.6,91
2022-06-29 9:00,25.4,88
2022-06-29 10:00,26.3,84
2022-06-29 11:00,27.3,81
2022-06-29 12:00,27.5,77
2022-06-29 13:00,28.3,73
2022-06-29 14:00,29.6,70
2022-06-29 15:00,29.4,66
2022-06-29 16:00,29.0,68
2022-06-29 17:00,28.6,71
2022-06-29 18:00,27.8,73
2022-06-29 19:00,26.0,87
2022-06-29 20:00,25.3,91
2022-06-29 21:00,25.0,93
2022-06-29 22:00,25.1,93
2022-06-29 23:00,25.3,88
2022-06-30 0:00,25.5,87
2022-06-30 1:00,25.2,88
2022-06-30 2:00,24.7,91
2022-06-30 3:00,24.7,91
2022-06-30 4:00,24.9,90
2022-06-30 5:00,25.0,89
2022-06-30 6:00,24.8,91
2022-06-30 7:00,25.4,88
2022-06-30 8:00,25.6,86
2022-06-30 9:00,26.7,84
2022-06-30 10:00,28.0,76
2022-06-30 11:00,29.2,69
2022-06-30 12:00,30.6,66
2022-06-30 13:00,30.1,65
2022-06-30 14:00,30.6,63
2022-06-30 15:00,30.1,64
2022-06-30 16:00,28.7,71
2022-06-30 17:00,27.8,77
2022-06-30 18:00,27.8,75
2022-06-30 19:00,27.7,77
2022-06-30 20:00,27.4,75
2022-06-30 21:00,27.1,76
2022-06-30 22:00,26.6,75
2022-06-30 23:00,26.1,75
2022-07-01 0:00,25.4,81
2022-07-01 1:00,24.3,87
2022-07-01 2:00,23.5,92
2022-07-01 3:00,23.3,92
2022-07-01 4:00,23.3,92
2022-07-01 5:00,22.9,93
2022-07-01 6:00,23.4,93
2022-07-01 7:00,25.2,84
2022-07-01 8:00,27.5,72
2022-07-01 9:00,29.1,65
2022-07-01 10:00,30.1,60
2022-07-01 11:00,31.4,58
2022-07-01 12:00,32.4,52
2022-07-01 13:00,33.1,48
2022-07-01 14:00,32.7,47
2022-07-01 15:00,33.3,47
2022-07-01 16:00,34.2,42
2022-07-01 17:00,33.4,47
2022-07-01 18:00,32.8,51
2022-07-01 19:00,31.3,57
2022-07-01 20:00,30.1,64
2022-07-01 21:00,28.5,72
2022-07-01 22:00,27.4,75
2022-07-01 23:00,26.8,77
2022-07-02 0:00,26.3,80
2022-07-02 1:00,26.1,81
2022-07-02 2:00,25.5,84
2022-07-02 3:00,24.7,88
2022-07-02 4:00,24.2,89
2022-07-02 5:00,23.6,91
2022-07-02 6:00,24.4,89
2022-07-02 7:00,26.6,81
2022-07-02 8:00,27.7,77
2022-07-02 9:00,29.1,69
2022-07-02 10:00,30.8,61
2022-07-02 11:00,32.3,52
2022-07-02 12:00,33.9,43
2022-07-02 13:00,35.0,41
2022-07-02 14:00,35.0,44
2022-07-02 15:00,34.8,45
2022-07-02 16:00,33.6,47
2022-07-02 17:00,34.9,44
2022-07-02 18:00,33.3,49
2022-07-02 19:00,31.8,52
2022-07-02 20:00,30.4,57
2022-07-02 21:00,28.8,67
2022-07-02 22:00,28.3,73
2022-07-02 23:00,28.2,74
2022-07-03 0:00,27.4,77
2022-07-03 1:00,26.7,79
2022-07-03 2:00,26.6,79
2022-07-03 3:00,26.1,82
2022-07-03 4:00,25.8,84
2022-07-03 5:00,25.4,86
2022-07-03 6:00,25.4,86
2022-07-03 7:00,26.4,82
2022-07-03 8:00,28.4,75
2022-07-03 9:00,29.4,68
2022-07-03 10:00,30.8,61
2022-07-03 11:00,32.1,54
2022-07-03 12:00,32.8,50
2022-07-03 13:00,33.4,45
2022-07-03 14:00,33.3,48
2022-07-03 15:00,33.8,47
2022-07-03 16:00,32.5,56
2022-07-03 17:00,32.0,56
2022-07-03 18:00,29.9,62
2022-07-03 19:00,23.4,92
2022-07-03 20:00,23.2,93
2022-07-03 21:00,23.6,95
2022-07-03 22:00,23.8,94
2022-07-03 23:00,23.4,94
2022-07-04 0:00,23.5,95
2022-07-04 1:00,23.4,95
2022-07-04 2:00,23.6,95
2022-07-04 3:00,23.5,95
2022-07-04 4:00,23.5,95
2022-07-04 5:00,23.4,95
2022-07-04 6:00,23.7,95
2022-07-04 7:00,25.1,89
2022-07-04 8:00,26.8,83
2022-07-04 9:00,28.2,75
2022-07-04 10:00,29.7,68
2022-07-04 11:00,30.6,64
2022-07-04 12:00,31.8,54
2022-07-04 13:00,32.8,52
2022-07-04 14:00,32.8,53
2022-07-04 15:00,31.9,57
2022-07-04 16:00,31.7,57
2022-07-04 17:00,29.6,67
2022-07-04 18:00,29.3,69
2022-07-04 19:00,27.7,76
2022-07-04 20:00,27.1,79
2022-07-04 21:00,26.7,81
2022-07-04 22:00,26.7,81
2022-07-04 23:00,26.4,84
2022-07-05 0:00,25.6,86
2022-07-05 1:00,25.5,87
2022-07-05 2:00,25.3,88
2022-07-05 3:00,25.0,89
2022-07-05 4:00,24.9,89
2022-07-05 5:00,24.7,89
2022-07-05 6:00,24.8,89
2022-07-05 7:00,25.7,86
2022-07-05 8:00,25.8,86
2022-07-05 9:00,27.1,79
2022-07-05 10:00,29.0,71
2022-07-05 11:00,28.4,76
2022-07-05 12:00,30.5,66
2022-07-05 13:00,30.6,68
2022-07-05 14:00,32.3,62
2022-07-05 15:00,32.1,60
2022-07-05 16:00,33.4,54
2022-07-05 17:00,31.1,67
2022-07-05 18:00,31.2,69
2022-07-05 19:00,30.0,71
2022-07-05 20:00,29.3,73
2022-07-05 21:00,28.6,77
2022-07-05 22:00,27.3,83
2022-07-05 23:00,26.5,85
2022-07-06 0:00,26.3,89
2022-07-06 1:00,26.1,90
2022-07-06 2:00,25.8,90
2022-07-06 3:00,25.5,91
2022-07-06 4:00,25.6,91
2022-07-06 5:00,25.6,90
2022-07-06 6:00,26.0,88
2022-07-06 7:00,26.9,87
2022-07-06 8:00,27.8,79
2022-07-06 9:00,29.0,75
2022-07-06 10:00,30.8,68
2022-07-06 11:00,31.3,63
2022-07-06 12:00,33.1,56
2022-07-06 13:00,33.4,57
2022-07-06 14:00,34.0,51
2022-07-06 15:00,35.4,49
2022-07-06 16:00,32.9,60
2022-07-06 17:00,33.4,58
2022-07-06 18:00,32.3,60
2022-07-06 19:00,32.0,62
2022-07-06 20:00,29.7,73
2022-07-06 21:00,29.9,72
2022-07-06 22:00,30.6,62
2022-07-06 23:00,29.8,62
2022-07-07 0:00,29.4,63
2022-07-07 1:00,28.6,68
2022-07-07 2:00,28.4,68
2022-07-07 3:00,27.5,73
2022-07-07 4:00,26.8,76
2022-07-07 5:00,27.5,71
2022-07-07 6:00,27.0,74
2022-07-07 7:00,28.7,68
2022-07-07 8:00,29.3,66
2022-07-07 9:00,31.7,57
2022-07-07 10:00,32.0,57
2022-07-07 11:00,33.8,53
2022-07-07 12:00,33.0,50
2022-07-07 13:00,33.7,50
2022-07-07 14:00,33.4,50
2022-07-07 15:00,32.6,52
2022-07-07 16:00,32.9,54
2022-07-07 17:00,32.8,53
2022-07-07 18:00,31.2,58
2022-07-07 19:00,27.2,83
2022-07-07 20:00,26.9,87
2022-07-07 21:00,27.0,87
2022-07-07 22:00,27.0,86
2022-07-07 23:00,27.2,84
2022-07-08 0:00,26.3,90
2022-07-08 1:00,26.4,90
2022-07-08 2:00,26.6,88
2022-07-08 3:00,26.7,86
2022-07-08 4:00,26.6,86
2022-07-08 5:00,26.6,85
2022-07-08 6:00,25.7,89
2022-07-08 7:00,25.8,86
2022-07-08 8:00,26.3,83
2022-07-08 9:00,26.8,82
2022-07-08 10:00,27.0,78
2022-07-08 11:00,28.8,72
2022-07-08 12:00,29.3,67
2022-07-08 13:00,29.6,65
2022-07-08 14:00,29.8,63
2022-07-08 15:00,31.0,60
2022-07-08 16:00,30.8,57
2022-07-08 17:00,30.4,56
2022-07-08 18:00,30.2,59
2022-07-08 19:00,28.3,65
2022-07-08 20:00,27.1,69
2022-07-08 21:00,26.3,72
2022-07-08 22:00,25.5,77
2022-07-08 23:00,24.9,79
2022-07-09 0:00,24.5,82
2022-07-09 1:00,24.0,84
2022-07-09 2:00,24.0,83
2022-07-09 3:00,23.5,84
2022-07-09 4:00,23.3,85
2022-07-09 5:00,23.3,85
2022-07-09 6:00,23.4,84
2022-07-09 7:00,24.0,81
2022-07-09 8:00,24.7,80
2022-07-09 9:00,25.6,74
2022-07-09 10:00,25.7,74
2022-07-09 11:00,26.2,73
2022-07-09 12:00,27.7,71
2022-07-09 13:00,28.7,66
2022-07-09 14:00,29.0,64
2022-07-09 15:00,29.0,63
2022-07-09 16:00,28.7,66
2022-07-09 17:00,29.3,65
2022-07-09 18:00,29.6,67
2022-07-09 19:00,28.8,66
2022-07-09 20:00,27.5,73
2022-07-09 21:00,26.5,81
2022-07-09 22:00,26.5,81
2022-07-09 23:00,26.3,81
2022-07-10 0:00,26.5,81
2022-07-10 1:00,26.2,82
2022-07-10 2:00,25.6,85
2022-07-10 3:00,25.1,84
2022-07-10 4:00,24.6,89
2022-07-10 5:00,24.2,90
2022-07-10 6:00,24.1,90
2022-07-10 7:00,25.0,87
2022-07-10 8:00,25.9,83
2022-07-10 9:00,27.4,78
2022-07-10 10:00,28.8,72
2022-07-10 11:00,30.8,63
2022-07-10 12:00,31.2,61
2022-07-10 13:00,32.2,56
2022-07-10 14:00,33.5,52
2022-07-10 15:00,34.7,47
2022-07-10 16:00,34.7,49
2022-07-10 17:00,33.7,53
2022-07-10 18:00,32.4,59
2022-07-10 19:00,31.3,62
2022-07-10 20:00,30.7,63
2022-07-10 21:00,30.1,65
2022-07-10 22:00,25.1,89
2022-07-10 23:00,24.5,92
2022-07-11 0:00,24.9,89
2022-07-11 1:00,24.6,94
2022-07-11 2:00,24.4,92
2022-07-11 3:00,24.2,94
2022-07-11 4:00,23.9,92
2022-07-11 5:00,23.6,94
2022-07-11 6:00,23.5,93
2022-07-11 7:00,23.3,94
2022-07-11 8:00,23.3,94
2022-07-11 9:00,23.5,93
2022-07-11 10:00,23.7,91
2022-07-11 11:00,24.5,88
2022-07-11 12:00,24.9,88
2022-07-11 13:00,25.8,85
2022-07-11 14:00,27.5,76
2022-07-11 15:00,27.7,79
2022-07-11 16:00,27.5,77
2022-07-11 17:00,27.2,78
2022-07-11 18:00,27.3,77
2022-07-11 19:00,26.6,80
2022-07-11 20:00,25.9,82
2022-07-11 21:00,25.2,87
2022-07-11 22:00,24.9,89
2022-07-11 23:00,24.5,91
2022-07-12 0:00,24.2,92
2022-07-12 1:00,23.8,93
2022-07-12 2:00,23.7,94
2022-07-12 3:00,23.5,94
2022-07-12 4:00,23.2,95
2022-07-12 5:00,23.1,95
2022-07-12 6:00,23.5,93
2022-07-12 7:00,24.8,88
2022-07-12 8:00,27.1,77
2022-07-12 9:00,27.3,79
2022-07-12 10:00,29.2,72
2022-07-12 11:00,28.7,69
2022-07-12 12:00,29.2,69
2022-07-12 13:00,29.1,71
2022-07-12 14:00,29.7,71
2022-07-12 15:00,29.9,66
2022-07-12 16:00,29.9,67
2022-07-12 17:00,29.5,68
2022-07-12 18:00,28.9,71
2022-07-12 19:00,28.4,74
2022-07-12 20:00,27.5,82
2022-07-12 21:00,27.2,78
2022-07-12 22:00,27.2,78
2022-07-12 23:00,26.7,77
2022-07-13 0:00,26.4,75
2022-07-13 1:00,25.9,77
2022-07-13 2:00,25.4,77
2022-07-13 3:00,25.5,77
2022-07-13 4:00,25.1,77
2022-07-13 5:00,24.6,79
2022-07-13 6:00,24.4,80
2022-07-13 7:00,24.5,80
2022-07-13 8:00,25.0,78
2022-07-13 9:00,25.4,77
2022-07-13 10:00,25.4,79
2022-07-13 11:00,25.4,83
2022-07-13 12:00,24.7,88
2022-07-13 13:00,26.3,81
2022-07-13 14:00,24.8,89
2022-07-13 15:00,24.8,91
2022-07-13 16:00,24.8,92
2022-07-13 17:00,24.6,92
2022-07-13 18:00,25.0,90
2022-07-13 19:00,25.0,92
2022-07-13 20:00,24.1,91
2022-07-13 21:00,24.0,91
2022-07-13 22:00,24.0,89
2022-07-13 23:00,24.1,88
2022-07-14 0:00,24.3,87
2022-07-14 1:00,24.6,87
2022-07-14 2:00,24.5,90
2022-07-14 3:00,24.4,92
2022-07-14 4:00,24.8,93
2022-07-14 5:00,24.5,94
2022-07-14 6:00,24.7,92
2022-07-14 7:00,24.5,88
2022-07-14 8:00,24.4,87
2022-07-14 9:00,24.8,86
2022-07-14 10:00,26.2,80
2022-07-14 11:00,26.5,78
2022-07-14 12:00,27.9,73
2022-07-14 13:00,27.7,73
2022-07-14 14:00,28.6,70
2022-07-14 15:00,28.7,71
2022-07-14 16:00,29.2,69
2022-07-14 17:00,28.5,70
2022-07-14 18:00,28.5,71
2022-07-14 19:00,26.9,76
2022-07-14 20:00,25.6,80
2022-07-14 21:00,25.1,80
2022-07-14 22:00,24.6,84
2022-07-14 23:00,24.6,84
2022-07-15 0:00,24.0,85
2022-07-15 1:00,23.4,87
2022-07-15 2:00,23.1,88
2022-07-15 3:00,22.7,88
2022-07-15 4:00,22.4,88
2022-07-15 5:00,22.1,89
2022-07-15 6:00,22.1,90
2022-07-15 7:00,22.9,86
2022-07-15 8:00,23.9,81
2022-07-15 9:00,25.5,75
2022-07-15 10:00,26.8,68
2022-07-15 11:00,27.2,62
2022-07-15 12:00,28.2,58
2022-07-15 13:00,29.6,54
2022-07-15 14:00,30.1,53
2022-07-15 15:00,30.7,48
2022-07-15 16:00,31.3,48
2022-07-15 17:00,30.8,50
2022-07-15 18:00,30.5,50
2022-07-15 19:00,28.9,53
2022-07-15 20:00,27.5,58
2022-07-15 21:00,25.7,70
2022-07-15 22:00,25.1,74
2022-07-15 23:00,24.8,80
2022-07-16 0:00,23.7,82
2022-07-16 1:00,23.7,84
2022-07-16 2:00,23.2,87
2022-07-16 3:00,22.8,88
2022-07-16 4:00,22.6,87
2022-07-16 5:00,22.7,87
2022-07-16 6:00,22.6,86
2022-07-16 7:00,24.0,80
2022-07-16 8:00,24.9,76
2022-07-16 9:00,26.9,68
2022-07-16 10:00,27.5,63
2022-07-16 11:00,28.2,60
2022-07-16 12:00,29.1,57
2022-07-16 13:00,29.8,56
2022-07-16 14:00,29.8,58
2022-07-16 15:00,30.7,50
2022-07-16 16:00,31.0,52
2022-07-16 17:00,30.2,49
2022-07-16 18:00,28.9,56
2022-07-16 19:00,27.7,60
2022-07-16 20:00,26.1,65
2022-07-16 21:00,24.7,70
2022-07-16 22:00,24.2,72
2022-07-16 23:00,23.8,75
2022-07-17 0:00,23.8,76
2022-07-17 1:00,23.3,79
2022-07-17 2:00,23.0,81
2022-07-17 3:00,22.7,82
2022-07-17 4:00,22.2,84
2022-07-17 5:00,21.9,87
2022-07-17 6:00,22.0,87
2022-07-17 7:00,23.2,83
2022-07-17 8:00,24.8,77
2022-07-17 9:00,25.1,76
2022-07-17 10:00,25.9,70
2022-07-17 11:00,27.4,62
2022-07-17 12:00,28.8,57
2022-07-17 13:00,29.9,57
2022-07-17 14:00,30.4,51
2022-07-17 15:00,30.1,52
2022-07-17 16:00,28.8,60
2022-07-17 17:00,28.6,63
2022-07-17 18:00,27.8,64
2022-07-17 19:00,27.6,66
2022-07-17 20:00,26.7,70
2022-07-17 21:00,26.1,72
2022-07-17 22:00,25.7,75
2022-07-17 23:00,25.6,77
2022-07-18 0:00,25.4,79
2022-07-18 1:00,25.1,81
2022-07-18 2:00,24.8,81
2022-07-18 3:00,24.6,81
2022-07-18 4:00,24.5,83
2022-07-18 5:00,24.2,84
2022-07-18 6:00,23.0,91
2022-07-18 7:00,22.0,90
2022-07-18 8:00,21.1,94
2022-07-18 9:00,21.4,94
2022-07-18 10:00,21.6,94
2022-07-18 11:00,21.9,94
2022-07-18 12:00,22.4,93
2022-07-18 13:00,22.4,89
2022-07-18 14:00,22.0,92
2022-07-18 15:00,21.7,93
2022-07-18 16:00,22.2,93
2022-07-18 17:00,22.5,93
2022-07-18 18:00,22.1,92
2022-07-18 19:00,22.0,92
2022-07-18 20:00,21.8,94
2022-07-18 21:00,21.7,95
2022-07-18 22:00,21.8,94
2022-07-18 23:00,21.6,94
2022-07-19 0:00,21.6,94
2022-07-19 1:00,21.6,95
2022-07-19 2:00,21.5,95
2022-07-19 3:00,21.4,95
2022-07-19 4:00,21.2,95
2022-07-19 5:00,21.0,95
2022-07-19 6:00,21.1,95
2022-07-19 7:00,21.5,95
2022-07-19 8:00,22.7,92
2022-07-19 9:00,23.9,85
2022-07-19 10:00,24.8,80
2022-07-19 11:00,26.1,77
2022-07-19 12:00,26.9,75
2022-07-19 13:00,28.5,69
2022-07-19 14:00,28.7,66
2022-07-19 15:00,30.0,63
2022-07-19 16:00,30.0,61
2022-07-19 17:00,29.0,64
2022-07-19 18:00,27.7,70
2022-07-19 19:00,26.9,69
2022-07-19 20:00,25.8,76
2022-07-19 21:00,25.0,81
2022-07-19 22:00,24.4,84
2022-07-19 23:00,24.1,86
2022-07-20 0:00,23.9,86
2022-07-20 1:00,23.8,88
2022-07-20 2:00,23.2,90
2022-07-20 3:00,23.1,91
2022-07-20 4:00,23.1,91
2022-07-20 5:00,23.1,91
2022-07-20 6:00,23.1,91
2022-07-20 7:00,24.2,87
2022-07-20 8:00,25.1,83
2022-07-20 9:00,27.2,73
2022-07-20 10:00,27.2,71
2022-07-20 11:00,29.6,61
2022-07-20 12:00,30.9,56
2022-07-20 13:00,31.3,57
2022-07-20 14:00,31.6,50
2022-07-20 15:00,32.6,50
2022-07-20 16:00,31.9,52
2022-07-20 17:00,31.3,53
2022-07-20 18:00,29.7,58
2022-07-20 19:00,29.0,61
2022-07-20 20:00,28.2,63
2022-07-20 21:00,27.7,66
2022-07-20 22:00,26.2,76
2022-07-20 23:00,26.2,75
2022-07-21 0:00,26.1,78
2022-07-21 1:00,24.3,91
2022-07-21 2:00,23.5,91
2022-07-21 3:00,23.0,94
2022-07-21 4:00,23.1,92
2022-07-21 5:00,23.0,94
2022-07-21 6:00,23.1,93
2022-07-21 7:00,23.5,94
2022-07-21 8:00,24.3,93
2022-07-21 9:00,24.9,90
2022-07-21 10:00,24.8,91
2022-07-21 11:00,25.0,90
2022-07-21 12:00,24.8,91
2022-07-21 13:00,23.5,90
2022-07-21 14:00,22.9,89
2022-07-21 15:00,22.8,86
2022-07-21 16:00,23.9,79
2022-07-21 17:00,24.1,75
2022-07-21 18:00,25.2,70
2022-07-21 19:00,23.9,76
2022-07-21 20:00,23.6,78
2022-07-21 21:00,23.5,81
2022-07-21 22:00,23.5,83
2022-07-21 23:00,23.4,83
2022-07-22 0:00,22.7,84
2022-07-22 1:00,22.7,84
2022-07-22 2:00,22.5,85
2022-07-22 3:00,22.5,85
2022-07-22 4:00,22.6,82
2022-07-22 5:00,22.7,77
2022-07-22 6:00,22.2,80
2022-07-22 7:00,22.9,82
2022-07-22 8:00,23.9,77
2022-07-22 9:00,25.8,69
2022-07-22 10:00,26.8,66
2022-07-22 11:00,27.1,61
2022-07-22 12:00,28.1,58
2022-07-22 13:00,27.5,59
2022-07-22 14:00,29.6,53
2022-07-22 15:00,29.2,60
2022-07-22 16:00,30.4,56
2022-07-22 17:00,29.2,56
2022-07-22 18:00,28.3,59
2022-07-22 19:00,26.4,67
2022-07-22 20:00,26.3,66
2022-07-22 21:00,25.8,68
2022-07-22 22:00,25.0,73
2022-07-22 23:00,24.2,81
2022-07-23 0:00,23.8,79
2022-07-23 1:00,22.8,84
2022-07-23 2:00,22.6,86
2022-07-23 3:00,22.6,87
2022-07-23 4:00,22.5,87
2022-07-23 5:00,22.1,86
2022-07-23 6:00,21.7,90
2022-07-23 7:00,23.1,84
2022-07-23 8:00,25.0,78
2022-07-23 9:00,25.5,73
2022-07-23 10:00,25.9,72
2022-07-23 11:00,27.2,69
2022-07-23 12:00,27.6,64
2022-07-23 13:00,28.3,59
2022-07-23 14:00,27.9,61
2022-07-23 15:00,27.4,62
2022-07-23 16:00,27.4,63
2022-07-23 17:00,27.6,59
2022-07-23 18:00,27.2,62
2022-07-23 19:00,26.3,72
2022-07-23 20:00,26.2,75
2022-07-23 21:00,23.4,89
2022-07-23 22:00,23.6,92
2022-07-23 23:00,22.9,93
2022-07-24 0:00,22.7,94
2022-07-24 1:00,22.7,95
2022-07-24 2:00,22.7,93
2022-07-24 3:00,22.2,92
2022-07-24 4:00,22.2,93
2022-07-24 5:00,22.3,93
2022-07-24 6:00,22.3,94
2022-07-24 7:00,22.7,92
2022-07-24 8:00,24.1,88
2022-07-24 9:00,24.6,85
2022-07-24 10:00,24.1,87
2022-07-24 11:00,23.9,92
2022-07-24 12:00,26.2,83
2022-07-24 13:00,26.9,76
2022-07-24 14:00,26.6,83
2022-07-24 15:00,26.4,82
2022-07-24 16:00,26.1,83
2022-07-24 17:00,26.3,83
2022-07-24 18:00,26.2,82
2022-07-24 19:00,25.8,86
2022-07-24 20:00,25.4,88
2022-07-24 21:00,25.3,89
2022-07-24 22:00,25.1,89
2022-07-24 23:00,24.4,88
2022-07-25 0:00,24.3,88
2022-07-25 1:00,24.3,88
2022-07-25 2:00,24.3,88
2022-07-25 3:00,24.2,88
2022-07-25 4:00,24.1,87
2022-07-25 5:00,24.0,88
2022-07-25 6:00,23.6,91
2022-07-25 7:00,23.9,90
2022-07-25 8:00,25.2,84
2022-07-25 9:00,26.1,79
2022-07-25 10:00,27.1,76
2022-07-25 11:00,28.8,68
2022-07-25 12:00,29.5,63
2022-07-25 13:00,30.3,59
2022-07-25 14:00,31.4,56
2022-07-25 15:00,31.5,54
2022-07-25 16:00,32.5,53
2022-07-25 17:00,32.2,52
2022-07-25 18:00,31.4,57
2022-07-25 19:00,29.3,63
2022-07-25 20:00,27.5,72
2022-07-25 21:00,26.3,76
2022-07-25 22:00,26.0,78
2022-07-25 23:00,25.5,80
2022-07-26 0:00,24.6,83
2022-07-26 1:00,24.2,86
2022-07-26 2:00,24.0,87
2022-07-26 3:00,23.7,89
2022-07-26 4:00,23.5,90
2022-07-26 5:00,23.1,91
2022-07-26 6:00,23.0,92
2022-07-26 7:00,24.6,88
2022-07-26 8:00,26.5,77
2022-07-26 9:00,27.8,72
2022-07-26 10:00,28.6,68
2022-07-26 11:00,29.9,62
2022-07-26 12:00,31.7,57
2022-07-26 13:00,32.1,53
2022-07-26 14:00,33.4,51
2022-07-26 15:00,33.5,49
2022-07-26 16:00,34.2,48
2022-07-26 17:00,32.6,50
2022-07-26 18:00,32.0,53
2022-07-26 19:00,31.3,56
2022-07-26 20:00,29.5,74
2022-07-26 21:00,28.6,73
2022-07-26 22:00,27.3,82
2022-07-26 23:00,26.8,83
2022-07-27 0:00,26.5,84
2022-07-27 1:00,26.6,82
2022-07-27 2:00,26.1,84
2022-07-27 3:00,25.6,87
2022-07-27 4:00,25.5,78
2022-07-27 5:00,24.9,80
2022-07-27 6:00,24.6,80
2022-07-27 7:00,25.1,77
2022-07-27 8:00,26.0,71
2022-07-27 9:00,26.4,65
2022-07-27 10:00,27.2,62
2022-07-27 11:00,27.2,61
2022-07-27 12:00,29.2,57
2022-07-27 13:00,30.1,57
2022-07-27 14:00,30.8,52
2022-07-27 15:00,31.4,50
2022-07-27 16:00,31.2,53
2022-07-27 17:00,30.8,51
2022-07-27 18:00,30.0,53
2022-07-27 19:00,28.9,57
2022-07-27 20:00,28.4,59
2022-07-27 21:00,27.7,64
2022-07-27 22:00,27.1,68
2022-07-27 23:00,26.6,70
2022-07-28 0:00,25.8,71
2022-07-28 1:00,25.2,72
2022-07-28 2:00,24.7,74
2022-07-28 3:00,24.6,74
2022-07-28 4:00,24.1,76
2022-07-28 5:00,23.8,78
2022-07-28 6:00,23.7,79
2022-07-28 7:00,25.3,75
2022-07-28 8:00,26.6,72
2022-07-28 9:00,27.8,66
2022-07-28 10:00,29.3,64
2022-07-28 11:00,30.4,60
2022-07-28 12:00,31.5,59
2022-07-28 13:00,32.2,57
2022-07-28 14:00,32.8,58
2022-07-28 15:00,32.6,59
2022-07-28 16:00,32.0,60
2022-07-28 17:00,31.6,61
2022-07-28 18:00,29.2,69
2022-07-28 19:00,28.3,75
2022-07-28 20:00,29.1,69
2022-07-28 21:00,28.7,71
2022-07-28 22:00,28.4,72
2022-07-28 23:00,27.7,74
2022-07-29 0:00,27.2,77
2022-07-29 1:00,26.9,78
2022-07-29 2:00,26.4,80
2022-07-29 3:00,26.1,82
2022-07-29 4:00,25.7,83
2022-07-29 5:00,25.5,84
2022-07-29 6:00,25.3,86
2022-07-29 7:00,27.2,78
2022-07-29 8:00,28.4,72
2022-07-29 9:00,30.0,64
2022-07-29 10:00,31.7,60
2022-07-29 11:00,32.9,60
2022-07-29 12:00,33.6,56
2022-07-29 13:00,34.2,55
2022-07-29 14:00,33.7,51
2022-07-29 15:00,34.6,51
2022-07-29 16:00,33.7,51
2022-07-29 17:00,34.5,50
2022-07-29 18:00,33.0,55
2022-07-29 19:00,32.3,57
2022-07-29 20:00,31.4,62
2022-07-29 21:00,30.6,63
2022-07-29 22:00,30.3,60
2022-07-29 23:00,29.6,63
2022-07-30 0:00,28.8,65
2022-07-30 1:00,28.3,66
2022-07-30 2:00,27.7,68
2022-07-30 3:00,27.3,69
2022-07-30 4:00,27.1,70
2022-07-30 5:00,26.6,72
2022-07-30 6:00,26.5,72
2022-07-30 7:00,27.9,67
2022-07-30 8:00,29.3,65
2022-07-30 9:00,30.1,62
2022-07-30 10:00,30.7,61
2022-07-30 11:00,32.2,62
2022-07-30 12:00,31.2,61
2022-07-30 13:00,30.6,62
2022-07-30 14:00,31.0,64
2022-07-30 15:00,30.3,66
2022-07-30 16:00,29.3,69
2022-07-30 17:00,29.5,70
2022-07-30 18:00,29.2,71
2022-07-30 19:00,29.0,70
2022-07-30 20:00,28.5,71
2022-07-30 21:00,28.4,71
2022-07-30 22:00,28.2,70
2022-07-30 23:00,28.2,68
2022-07-31 0:00,27.7,70
2022-07-31 1:00,27.4,70
2022-07-31 2:00,27.3,70
2022-07-31 3:00,27.1,73
2022-07-31 4:00,26.8,76
2022-07-31 5:00,25.8,83
2022-07-31 6:00,24.8,92
2022-07-31 7:00,24.9,93
2022-07-31 8:00,25.9,89
2022-07-31 9:00,26.4,86
2022-07-31 10:00,26.8,85
2022-07-31 11:00,27.5,84
2022-07-31 12:00,27.6,82
2022-07-31 13:00,26.5,89
2022-07-31 14:00,25.9,92
2022-07-31 15:00,25.8,93
2022-07-31 16:00,26.4,90
2022-07-31 17:00,26.2,91
2022-07-31 18:00,25.1,94
2022-07-31 19:00,25.0,94
2022-07-31 20:00,25.2,92
2022-07-31 21:00,25.1,91
2022-07-31 22:00,25.4,90
2022-07-31 23:00,25.3,91
2022-08-01 0:00,25.3,90
2022-08-01 1:00,25.0,92
2022-08-01 2:00,24.7,95
2022-08-01 3:00,25.0,94
2022-08-01 4:00,24.9,95
2022-08-01 5:00,24.8,95
2022-08-01 6:00,24.8,95
2022-08-01 7:00,25.0,96
2022-08-01 8:00,25.4,95
2022-08-01 9:00,26.2,89
2022-08-01 10:00,28.2,85
2022-08-01 11:00,30.8,73
2022-08-01 12:00,30.9,70
2022-08-01 13:00,31.8,69
2022-08-01 14:00,31.1,68
2022-08-01 15:00,31.4,64
2022-08-01 16:00,30.6,67
2022-08-01 17:00,29.2,70
2022-08-01 18:00,29.1,70
2022-08-01 19:00,28.7,73
2022-08-01 20:00,28.5,73
2022-08-01 21:00,27.6,81
2022-08-01 22:00,26.4,89
2022-08-01 23:00,25.8,93
2022-08-02 0:00,26.0,93
2022-08-02 1:00,26.2,89
2022-08-02 2:00,26.3,86
2022-08-02 3:00,26.1,87
2022-08-02 4:00,25.7,92
2022-08-02 5:00,25.4,92
2022-08-02 6:00,25.4,92
2022-08-02 7:00,25.6,93
2022-08-02 8:00,26.3,88
2022-08-02 9:00,26.2,90
2022-08-02 10:00,28.1,86
2022-08-02 11:00,29.9,69
2022-08-02 12:00,30.8,65
2022-08-02 13:00,30.5,67
2022-08-02 14:00,31.0,66
2022-08-02 15:00,30.7,67
2022-08-02 16:00,29.9,69
2022-08-02 17:00,29.9,68
2022-08-02 18:00,29.3,70
2022-08-02 19:00,28.7,72
2022-08-02 20:00,28.0,77
2022-08-02 21:00,27.8,77
2022-08-02 22:00,27.6,79
2022-08-02 23:00,27.3,81
2022-08-03 0:00,27.1,83
2022-08-03 1:00,26.9,81
2022-08-03 2:00,26.8,80
2022-08-03 3:00,26.9,83
2022-08-03 4:00,26.9,82
2022-08-03 5:00,26.6,82
2022-08-03 6:00,26.8,83
2022-08-03 7:00,27.2,82
2022-08-03 8:00,27.5,82
2022-08-03 9:00,29.3,76
2022-08-03 10:00,29.1,75
2022-08-03 11:00,30.8,67
2022-08-03 12:00,31.7,64
2022-08-03 13:00,32.3,63
2022-08-03 14:00,33.1,58
2022-08-03 15:00,32.8,59
2022-08-03 16:00,32.0,60
2022-08-03 17:00,33.0,57
2022-08-03 18:00,32.2,57
2022-08-03 19:00,30.3,69
2022-08-03 20:00,29.1,74
2022-08-03 21:00,28.3,77
2022-08-03 22:00,27.6,81
2022-08-03 23:00,27.1,82
2022-08-04 0:00,26.7,83
2022-08-04 1:00,26.3,86
2022-08-04 2:00,26.1,87
2022-08-04 3:00,26.1,86
2022-08-04 4:00,25.6,88
2022-08-04 5:00,25.7,88
2022-08-04 6:00,25.6,90
2022-08-04 7:00,26.5,86
2022-08-04 8:00,28.2,79
2022-08-04 9:00,29.8,73
2022-08-04 10:00,30.3,65
2022-08-04 11:00,31.4,60
2022-08-04 12:00,32.0,62
2022-08-04 13:00,33.2,61
2022-08-04 14:00,33.0,57
2022-08-04 15:00,33.1,57
2022-08-04 16:00,32.9,60
2022-08-04 17:00,32.3,64
2022-08-04 18:00,31.8,66
2022-08-04 19:00,30.3,70
2022-08-04 20:00,29.5,69
2022-08-04 21:00,28.4,78
2022-08-04 22:00,27.6,80
2022-08-04 23:00,27.1,81
2022-08-05 0:00,26.6,84
2022-08-05 1:00,26.6,86
2022-08-05 2:00,26.6,86
2022-08-05 3:00,26.6,86
2022-08-05 4:00,26.6,86
2022-08-05 5:00,25.8,93
2022-08-05 6:00,25.8,92
2022-08-05 7:00,26.7,87
2022-08-05 8:00,26.5,86
2022-08-05 9:00,27.6,83
2022-08-05 10:00,26.8,89
2022-08-05 11:00,28.4,83
2022-08-05 12:00,29.6,76
2022-08-05 13:00,31.1,70
2022-08-05 14:00,32.0,64
2022-08-05 15:00,32.2,64
2022-08-05 16:00,32.2,60
2022-08-05 17:00,31.3,66
2022-08-05 18:00,31.1,67
2022-08-05 19:00,30.1,71
2022-08-05 20:00,29.1,74
2022-08-05 21:00,28.4,77
2022-08-05 22:00,27.9,79
2022-08-05 23:00,27.9,80
2022-08-06 0:00,27.9,80
2022-08-06 1:00,27.6,82
2022-08-06 2:00,27.2,83
2022-08-06 3:00,26.7,86
2022-08-06 4:00,26.5,87
2022-08-06 5:00,26.3,87
2022-08-06 6:00,26.1,89
2022-08-06 7:00,26.7,87
2022-08-06 8:00,27.9,81
2022-08-06 9:00,29.7,74
2022-08-06 10:00,30.5,65
2022-08-06 11:00,31.3,65
2022-08-06 12:00,31.4,62
2022-08-06 13:00,33.0,58
2022-08-06 14:00,33.4,60
2022-08-06 15:00,34.2,56
2022-08-06 16:00,33.8,55
2022-08-06 17:00,33.6,56
2022-08-06 18:00,32.8,58
2022-08-06 19:00,31.4,65
2022-08-06 20:00,30.6,69
2022-08-06 21:00,30.0,72
2022-08-06 22:00,29.2,77
2022-08-06 23:00,28.3,78
2022-08-07 0:00,28.2,77
2022-08-07 1:00,27.8,79
2022-08-07 2:00,27.6,79
2022-08-07 3:00,27.4,82
2022-08-07 4:00,27.1,85
2022-08-07 5:00,27.0,86
2022-08-07 6:00,27.1,87
2022-08-07 7:00,27.6,84
2022-08-07 8:00,28.6,81
2022-08-07 9:00,29.3,74
2022-08-07 10:00,30.7,68
2022-08-07 11:00,32.2,66
2022-08-07 12:00,32.6,63
2022-08-07 13:00,33.0,63
2022-08-07 14:00,33.2,62
2022-08-07 15:00,33.9,59
2022-08-07 16:00,33.7,59
2022-08-07 17:00,32.3,65
2022-08-07 18:00,31.0,70
2022-08-07 19:00,30.0,75
2022-08-07 20:00,29.5,77
2022-08-07 21:00,29.1,79
2022-08-07 22:00,28.8,78
2022-08-07 23:00,28.3,81
2022-08-08 0:00,28.5,78
2022-08-08 1:00,28.1,76
2022-08-08 2:00,27.9,78
2022-08-08 3:00,27.7,77
2022-08-08 4:00,27.8,76
2022-08-08 5:00,27.8,75
2022-08-08 6:00,27.9,73
2022-08-08 7:00,27.8,74
2022-08-08 8:00,28.1,72
2022-08-08 9:00,28.3,71
2022-08-08 10:00,29.4,68
2022-08-08 11:00,29.4,67
2022-08-08 12:00,29.7,67
2022-08-08 13:00,29.6,68
2022-08-08 14:00,29.7,69
2022-08-08 15:00,29.6,69
2022-08-08 16:00,29.4,71
2022-08-08 17:00,29.1,70
2022-08-08 18:00,28.9,70
2022-08-08 19:00,28.8,71
2022-08-08 20:00,28.6,72
2022-08-08 21:00,28.5,72
2022-08-08 22:00,28.3,72
2022-08-08 23:00,28.2,72
2022-08-09 0:00,28.0,72
2022-08-09 1:00,27.9,72
2022-08-09 2:00,27.7,73
2022-08-09 3:00,26.1,83
2022-08-09 4:00,25.7,85
2022-08-09 5:00,25.2,89
2022-08-09 6:00,25.6,85
2022-08-09 7:00,25.4,88
2022-08-09 8:00,26.8,80
2022-08-09 9:00,27.7,75
2022-08-09 10:00,28.1,75
2022-08-09 11:00,29.3,70
2022-08-09 12:00,29.6,70
2022-08-09 13:00,29.5,70
2022-08-09 14:00,29.4,70
2022-08-09 15:00,29.8,68
2022-08-09 16:00,30.8,63
2022-08-09 17:00,29.8,66
2022-08-09 18:00,29.3,68
2022-08-09 19:00,28.9,70
2022-08-09 20:00,28.3,74
2022-08-09 21:00,28.0,75
2022-08-09 22:00,28.1,72
2022-08-09 23:00,28.0,72
2022-08-10 0:00,27.9,72
2022-08-10 1:00,27.9,71
2022-08-10 2:00,27.9,72
2022-08-10 3:00,26.6,80
2022-08-10 4:00,25.4,90
2022-08-10 5:00,24.8,94
2022-08-10 6:00,24.7,94
2022-08-10 7:00,24.4,95
2022-08-10 8:00,24.5,96
2022-08-10 9:00,24.5,96
2022-08-10 10:00,24.9,95
2022-08-10 11:00,25.4,92
2022-08-10 12:00,25.2,94
2022-08-10 13:00,25.5,93
2022-08-10 14:00,25.1,93
2022-08-10 15:00,25.8,94
2022-08-10 16:00,26.2,93
2022-08-10 17:00,26.7,91
2022-08-10 18:00,26.2,93
2022-08-10 19:00,26.0,95
2022-08-10 20:00,25.8,95
2022-08-10 21:00,25.1,94
2022-08-10 22:00,25.3,95
2022-08-10 23:00,24.5,91
2022-08-11 0:00,24.0,93
2022-08-11 1:00,24.7,92
2022-08-11 2:00,24.7,92
2022-08-11 3:00,24.8,92
2022-08-11 4:00,25.6,86
2022-08-11 5:00,25.9,84
2022-08-11 6:00,25.2,89
2022-08-11 7:00,25.0,90
2022-08-11 8:00,24.7,93
2022-08-11 9:00,24.2,94
2022-08-11 10:00,24.1,93
2022-08-11 11:00,24.2,94
2022-08-11 12:00,24.1,95
2022-08-11 13:00,24.3,94
2022-08-11 14:00,24.2,93
2022-08-11 15:00,24.5,92
2022-08-11 16:00,24.5,93
2022-08-11 17:00,24.3,92
2022-08-11 18:00,24.1,95
2022-08-11 19:00,24.1,95
2022-08-11 20:00,24.1,95
2022-08-11 21:00,24.3,96
2022-08-11 22:00,24.4,95
2022-08-11 23:00,24.4,96
2022-08-12 0:00,24.3,96
2022-08-12 1:00,24.5,96
2022-08-12 2:00,24.4,96
2022-08-12 3:00,24.1,95
2022-08-12 4:00,23.9,95
2022-08-12 5:00,23.8,95
2022-08-12 6:00,23.7,95
2022-08-12 7:00,23.6,92
2022-08-12 8:00,24.3,87
2022-08-12 9:00,26.5,80
2022-08-12 10:00,28.3,75
2022-08-12 11:00,30.0,69
2022-08-12 12:00,28.8,74
2022-08-12 13:00,31.2,59
2022-08-12 14:00,31.5,58
2022-08-12 15:00,32.2,53
2022-08-12 16:00,31.6,56
2022-08-12 17:00,31.5,60
2022-08-12 18:00,30.4,61
2022-08-12 19:00,29.5,66
2022-08-12 20:00,27.5,78
2022-08-12 21:00,27.1,79
2022-08-12 22:00,26.1,86
2022-08-12 23:00,25.6,87
2022-08-13 0:00,25.4,88
2022-08-13 1:00,25.2,89
2022-08-13 2:00,25.1,86
2022-08-13 3:00,25.1,81
2022-08-13 4:00,24.8,81
2022-08-13 5:00,24.6,82
2022-08-13 6:00,24.0,86
2022-08-13 7:00,24.8,87
2022-08-13 8:00,25.2,83
2022-08-13 9:00,27.7,75
2022-08-13 10:00,28.3,74
2022-08-13 11:00,29.4,71
2022-08-13 12:00,29.0,73
2022-08-13 13:00,26.3,89
2022-08-13 14:00,26.4,92
2022-08-13 15:00,26.4,93
2022-08-13 16:00,26.0,88
2022-08-13 17:00,26.6,87
2022-08-13 18:00,26.5,81
2022-08-13 19:00,25.6,86
2022-08-13 20:00,24.7,93
2022-08-13 21:00,24.7,95
2022-08-13 22:00,24.7,94
2022-08-13 23:00,24.6,94
2022-08-14 0:00,24.3,95
2022-08-14 1:00,24.6,95
2022-08-14 2:00,24.6,96
2022-08-14 3:00,24.5,95
2022-08-14 4:00,24.6,93
2022-08-14 5:00,24.2,92
2022-08-14 6:00,24.2,94
2022-08-14 7:00,24.3,95
2022-08-14 8:00,24.9,94
2022-08-14 9:00,25.1,94
2022-08-14 10:00,26.2,91
2022-08-14 11:00,27.4,88
2022-08-14 12:00,28.5,79
2022-08-14 13:00,28.9,78
2022-08-14 14:00,28.6,81
2022-08-14 15:00,28.8,79
2022-08-14 16:00,30.3,75
2022-08-14 17:00,29.3,79
2022-08-14 18:00,28.7,80
2022-08-14 19:00,27.8,84
2022-08-14 20:00,27.4,86
2022-08-14 21:00,27.1,86
2022-08-14 22:00,26.8,87
2022-08-14 23:00,26.6,86
2022-08-15 0:00,26.5,85
2022-08-15 1:00,26.1,85
2022-08-15 2:00,26.3,81
2022-08-15 3:00,26.1,81
2022-08-15 4:00,26.0,81
2022-08-15 5:00,25.9,82
2022-08-15 6:00,26.2,81
2022-08-15 7:00,27.4,76
2022-08-15 8:00,28.1,73
2022-08-15 9:00,28.7,72
2022-08-15 10:00,30.1,66
2022-08-15 11:00,30.3,66
2022-08-15 12:00,30.2,66
2022-08-15 13:00,30.7,62
2022-08-15 14:00,30.7,62
2022-08-15 15:00,30.8,62
2022-08-15 16:00,30.8,62
2022-08-15 17:00,29.3,68
2022-08-15 18:00,28.9,71
2022-08-15 19:00,28.5,72
2022-08-15 20:00,28.3,73
2022-08-15 21:00,28.2,73
2022-08-15 22:00,28.2,73
2022-08-15 23:00,27.3,80
2022-08-16 0:00,25.4,92
2022-08-16 1:00,23.3,92
2022-08-16 2:00,23.7,95
2022-08-16 3:00,23.8,95
2022-08-16 4:00,24.2,95
2022-08-16 5:00,24.7,94
2022-08-16 6:00,24.8,92
2022-08-16 7:00,24.4,90
2022-08-16 8:00,24.2,91
2022-08-16 9:00,24.2,87
2022-08-16 10:00,24.5,84
2022-08-16 11:00,25.1,83
2022-08-16 12:00,25.5,82
2022-08-16 13:00,26.6,82
2022-08-16 14:00,27.5,77
2022-08-16 15:00,28.6,72
2022-08-16 16:00,29.5,66
2022-08-16 17:00,29.6,66
2022-08-16 18:00,28.7,70
2022-08-16 19:00,27.2,79
2022-08-16 20:00,26.4,83
2022-08-16 21:00,26.0,84
2022-08-16 22:00,25.5,88
2022-08-16 23:00,25.2,90
2022-08-17 0:00,24.8,92
2022-08-17 1:00,24.6,93
2022-08-17 2:00,24.4,93
2022-08-17 3:00,24.3,94
2022-08-17 4:00,24.3,94
2022-08-17 5:00,24.3,94
2022-08-17 6:00,24.3,92
2022-08-17 7:00,24.6,91
2022-08-17 8:00,25.5,87
2022-08-17 9:00,25.4,83
2022-08-17 10:00,27.4,80
2022-08-17 11:00,29.2,70
2022-08-17 12:00,29.1,69
2022-08-17 13:00,29.2,63
2022-08-17 14:00,29.2,68
2022-08-17 15:00,28.9,67
2022-08-17 16:00,26.1,84
2022-08-17 17:00,26.1,82
2022-08-17 18:00,26.7,81
2022-08-17 19:00,25.5,85
2022-08-17 20:00,24.6,90
2022-08-17 21:00,23.6,86
2022-08-17 22:00,23.3,85
2022-08-17 23:00,23.0,83
2022-08-18 0:00,22.8,86
2022-08-18 1:00,22.2,87
2022-08-18 2:00,21.5,92
2022-08-18 3:00,21.2,93
2022-08-18 4:00,20.8,94
2022-08-18 5:00,20.6,94
2022-08-18 6:00,20.4,94
2022-08-18 7:00,21.2,94
2022-08-18 8:00,23.4,85
2022-08-18 9:00,25.8,73
2022-08-18 10:00,27.0,66
2022-08-18 11:00,28.0,61
2022-08-18 12:00,28.0,61
2022-08-18 13:00,28.8,64
2022-08-18 14:00,29.0,57
2022-08-18 15:00,28.7,58
2022-08-18 16:00,29.6,47
2022-08-18 17:00,29.6,51
2022-08-18 18:00,28.2,60
2022-08-18 19:00,26.8,70
2022-08-18 20:00,25.6,76
2022-08-18 21:00,24.8,81
2022-08-18 22:00,24.1,84
2022-08-18 23:00,23.6,87
2022-08-19 0:00,23.4,86
2022-08-19 1:00,22.8,86
2022-08-19 2:00,22.3,88
2022-08-19 3:00,21.9,89
2022-08-19 4:00,21.8,87
2022-08-19 5:00,21.5,91
2022-08-19 6:00,21.5,90
2022-08-19 7:00,22.4,86
2022-08-19 8:00,24.3,77
2022-08-19 9:00,25.6,74
2022-08-19 10:00,27.3,71
2022-08-19 11:00,28.8,71
2022-08-19 12:00,28.6,71
2022-08-19 13:00,29.1,71
2022-08-19 14:00,29.2,72
2022-08-19 15:00,29.4,73
2022-08-19 16:00,29.4,74
2022-08-19 17:00,28.9,79
2022-08-19 18:00,28.6,80
2022-08-19 19:00,28.3,80
2022-08-19 20:00,28.1,80
2022-08-19 21:00,27.9,80
2022-08-19 22:00,28.0,77
2022-08-19 23:00,27.6,80
2022-08-20 0:00,27.5,80
2022-08-20 1:00,27.3,80
2022-08-20 2:00,27.5,79
2022-08-20 3:00,27.1,83
2022-08-20 4:00,26.6,85
2022-08-20 5:00,25.1,95
2022-08-20 6:00,25.5,95
2022-08-20 7:00,25.5,96
2022-08-20 8:00,25.2,92
2022-08-20 9:00,26.4,86
2022-08-20 10:00,26.5,88
2022-08-20 11:00,26.2,89
2022-08-20 12:00,26.1,89
2022-08-20 13:00,28.4,77
2022-08-20 14:00,29.8,71
2022-08-20 15:00,29.8,68
2022-08-20 16:00,30.4,67
2022-08-20 17:00,30.4,66
2022-08-20 18:00,29.6,71
2022-08-20 19:00,27.9,75
2022-08-20 20:00,27.2,76
2022-08-20 21:00,26.8,79
2022-08-20 22:00,26.0,83
2022-08-20 23:00,25.8,82
2022-08-21 0:00,25.0,87
2022-08-21 1:00,24.4,89
2022-08-21 2:00,24.2,90
2022-08-21 3:00,24.5,87
2022-08-21 4:00,24.0,91
2022-08-21 5:00,23.9,91
2022-08-21 6:00,23.6,93
2022-08-21 7:00,24.2,91
2022-08-21 8:00,25.9,81
2022-08-21 9:00,27.8,69
2022-08-21 10:00,29.1,61
2022-08-21 11:00,29.6,61
2022-08-21 12:00,30.5,59
2022-08-21 13:00,31.5,59
2022-08-21 14:00,31.6,54
2022-08-21 15:00,30.8,55
2022-08-21 16:00,31.9,53
2022-08-21 17:00,31.8,50
2022-08-21 18:00,31.0,52
2022-08-21 19:00,29.1,60
2022-08-21 20:00,27.9,67
2022-08-21 21:00,27.1,77
2022-08-21 22:00,25.9,78
2022-08-21 23:00,25.1,83
2022-08-22 0:00,25.0,86
2022-08-22 1:00,24.7,87
2022-08-22 2:00,24.6,87
2022-08-22 3:00,24.5,87
2022-08-22 4:00,24.0,89
2022-08-22 5:00,23.9,89
2022-08-22 6:00,23.7,90
2022-08-22 7:00,24.3,88
2022-08-22 8:00,25.2,86
2022-08-22 9:00,27.0,76
2022-08-22 10:00,29.2,70
2022-08-22 11:00,29.0,67
2022-08-22 12:00,29.6,64
2022-08-22 13:00,31.3,56
2022-08-22 14:00,31.3,54
2022-08-22 15:00,31.4,57
2022-08-22 16:00,30.9,56
2022-08-22 17:00,30.6,60
2022-08-22 18:00,29.5,62
2022-08-22 19:00,28.1,67
2022-08-22 20:00,27.3,69
2022-08-22 21:00,26.9,71
2022-08-22 22:00,26.6,71
2022-08-22 23:00,26.1,76
2022-08-23 0:00,25.9,77
2022-08-23 1:00,25.8,78
2022-08-23 2:00,25.6,81
2022-08-23 3:00,25.7,82
2022-08-23 4:00,23.1,91
2022-08-23 5:00,23.3,90
2022-08-23 6:00,23.5,90
2022-08-23 7:00,24.1,88
2022-08-23 8:00,24.2,92
2022-08-23 9:00,23.2,91
2022-08-23 10:00,23.4,93
2022-08-23 11:00,24.7,89
2022-08-23 12:00,24.2,85
2022-08-23 13:00,23.6,90
2022-08-23 14:00,22.9,95
2022-08-23 15:00,23.3,94
2022-08-23 16:00,23.8,94
2022-08-23 17:00,24.1,93
2022-08-23 18:00,24.0,93
2022-08-23 19:00,24.0,94
2022-08-23 20:00,23.8,95
2022-08-23 21:00,24.0,94
2022-08-23 22:00,23.9,95
2022-08-23 23:00,23.1,91
2022-08-24 0:00,22.3,90
2022-08-24 1:00,22.2,89
2022-08-24 2:00,22.1,92
2022-08-24 3:00,22.6,93
2022-08-24 4:00,22.8,85
2022-08-24 5:00,22.5,83
2022-08-24 6:00,22.5,84
2022-08-24 7:00,22.4,84
2022-08-24 8:00,22.5,83
2022-08-24 9:00,21.9,85
2022-08-24 10:00,22.6,77
2022-08-24 11:00,23.1,70
2022-08-24 12:00,24.3,68
2022-08-24 13:00,24.1,70
2022-08-24 14:00,24.1,67
2022-08-24 15:00,24.0,67
2022-08-24 16:00,24.0,69
2022-08-24 17:00,24.4,69
2022-08-24 18:00,23.3,70
2022-08-24 19:00,22.9,71
2022-08-24 20:00,22.8,72
2022-08-24 21:00,22.5,72
2022-08-24 22:00,22.0,75
2022-08-24 23:00,21.0,81
2022-08-25 0:00,20.7,84
2022-08-25 1:00,20.4,86
2022-08-25 2:00,20.1,88
2022-08-25 3:00,19.9,90
2022-08-25 4:00,20.6,86
2022-08-25 5:00,20.2,88
2022-08-25 6:00,20.4,88
2022-08-25 7:00,20.7,88
2022-08-25 8:00,22.4,84
2022-08-25 9:00,23.7,78
2022-08-25 10:00,25.5,72
2022-08-25 11:00,25.9,71
2022-08-25 12:00,27.0,69
2022-08-25 13:00,27.8,59
2022-08-25 14:00,28.5,59
2022-08-25 15:00,26.1,73
2022-08-25 16:00,27.0,66
2022-08-25 17:00,24.5,71
2022-08-25 18:00,22.9,70
2022-08-25 19:00,21.2,62
2022-08-25 20:00,19.0,76
2022-08-25 21:00,19.4,83
2022-08-25 22:00,19.2,84
2022-08-25 23:00,19.2,84
2022-08-26 0:00,18.9,84
2022-08-26 1:00,18.9,84
2022-08-26 2:00,18.4,83
2022-08-26 3:00,17.9,88
2022-08-26 4:00,17.3,91
2022-08-26 5:00,16.9,91
2022-08-26 6:00,16.8,92
2022-08-26 7:00,17.8,87
2022-08-26 8:00,20.0,76
2022-08-26 9:00,22.2,65
2022-08-26 10:00,24.2,62
2022-08-26 11:00,25.9,59
2022-08-26 12:00,26.6,57
2022-08-26 13:00,27.3,55
2022-08-26 14:00,28.0,50
2022-08-26 15:00,28.0,52
2022-08-26 16:00,27.5,55
2022-08-26 17:00,27.9,52
2022-08-26 18:00,27.0,56
2022-08-26 19:00,25.1,66
2022-08-26 20:00,24.1,69
2022-08-26 21:00,23.6,72
2022-08-26 22:00,22.7,75
2022-08-26 23:00,21.6,81
2022-08-27 0:00,21.4,83
2022-08-27 1:00,21.4,83
2022-08-27 2:00,21.0,86
2022-08-27 3:00,20.9,86
2022-08-27 4:00,21.0,85
2022-08-27 5:00,20.7,87
2022-08-27 6:00,21.2,83
2022-08-27 7:00,21.0,87
2022-08-27 8:00,21.1,69
2022-08-27 9:00,21.2,64
2022-08-27 10:00,22.5,48
2022-08-27 11:00,24.1,43
2022-08-27 12:00,24.6,34
2022-08-27 13:00,25.0,34
2022-08-27 14:00,25.4,34
2022-08-27 15:00,26.4,37
2022-08-27 16:00,25.7,37
2022-08-27 17:00,25.1,40
2022-08-27 18:00,22.7,51
2022-08-27 19:00,21.1,56
2022-08-27 20:00,19.5,64
2022-08-27 21:00,18.7,68
2022-08-27 22:00,18.3,71
2022-08-27 23:00,17.9,70
2022-08-28 0:00,17.2,76
2022-08-28 1:00,16.6,81
2022-08-28 2:00,16.0,84
2022-08-28 3:00,16.2,84
2022-08-28 4:00,15.7,86
2022-08-28 5:00,15.5,88
2022-08-28 6:00,15.5,89
2022-08-28 7:00,16.5,88
2022-08-28 8:00,18.6,79
2022-08-28 9:00,20.9,68
2022-08-28 10:00,23.1,55
2022-08-28 11:00,25.1,50
2022-08-28 12:00,26.2,46
2022-08-28 13:00,26.4,40
2022-08-28 14:00,27.4,36
2022-08-28 15:00,28.1,38
2022-08-28 16:00,27.8,39
2022-08-28 17:00,27.8,40
2022-08-28 18:00,26.5,42
2022-08-28 19:00,24.7,48
2022-08-28 20:00,23.0,56
2022-08-28 21:00,21.8,63
2022-08-28 22:00,21.1,68
2022-08-28 23:00,21.6,64
2022-08-29 0:00,21.7,56
2022-08-29 1:00,21.7,48
2022-08-29 2:00,21.2,55
2022-08-29 3:00,20.9,59
2022-08-29 4:00,20.7,59
2022-08-29 5:00,20.7,59
2022-08-29 6:00,20.2,62
2022-08-29 7:00,20.0,66
2022-08-29 8:00,20.2,69
2022-08-29 9:00,20.6,71
2022-08-29 10:00,21.2,70
2022-08-29 11:00,21.4,71
2022-08-29 12:00,19.6,90
2022-08-29 13:00,19.7,88
2022-08-29 14:00,19.5,87
2022-08-29 15:00,19.2,89
2022-08-29 16:00,19.1,89
2022-08-29 17:00,19.8,88
2022-08-29 18:00,19.6,90
2022-08-29 19:00,19.2,87
2022-08-29 20:00,18.7,87
2022-08-29 21:00,18.6,88
2022-08-29 22:00,18.7,88
2022-08-29 23:00,18.5,86
2022-08-30 0:00,17.7,85
2022-08-30 1:00,17.6,87
2022-08-30 2:00,17.5,87
2022-08-30 3:00,17.7,88
2022-08-30 4:00,17.7,88
2022-08-30 5:00,17.8,89
2022-08-30 6:00,17.4,94
2022-08-30 7:00,17.5,94
2022-08-30 8:00,17.8,94
2022-08-30 9:00,18.0,94
2022-08-30 10:00,19.0,91
2022-08-30 11:00,19.4,90
2022-08-30 12:00,20.0,90
2022-08-30 13:00,20.2,89
2022-08-30 14:00,20.0,93
2022-08-30 15:00,19.9,94
2022-08-30 16:00,20.4,94
2022-08-30 17:00,20.3,94
2022-08-30 18:00,20.3,93
2022-08-30 19:00,20.2,92
2022-08-30 20:00,20.0,95
2022-08-30 21:00,19.9,95
2022-08-30 22:00,19.9,96
2022-08-30 23:00,19.9,96
2022-08-31 0:00,19.9,95
2022-08-31 1:00,20.0,96
2022-08-31 2:00,20.0,96
2022-08-31 3:00,20.0,96
2022-08-31 4:00,19.8,96
2022-08-31 5:00,19.8,96
2022-08-31 6:00,19.7,96
2022-08-31 7:00,19.7,95
2022-08-31 8:00,20.2,95
2022-08-31 9:00,20.9,92
2022-08-31 10:00,20.9,92
2022-08-31 11:00,21.3,91
2022-08-31 12:00,22.1,84
2022-08-31 13:00,22.5,82
2022-08-31 14:00,22.4,83
2022-08-31 15:00,22.9,82
2022-08-31 16:00,23.0,82
2022-08-31 17:00,23.0,80
2022-08-31 18:00,22.2,83
2022-08-31 19:00,21.7,88
2022-08-31 20:00,21.0,92
2022-08-31 21:00,20.4,94
2022-08-31 22:00,20.1,95
2022-08-31 23:00,20.0,95
2022-09-01 0:00,19.9,95
2022-09-01 1:00,20.0,95
2022-09-01 2:00,20.1,94
2022-09-01 3:00,20.1,94
2022-09-01 4:00,20.2,93
2022-09-01 5:00,20.1,92
2022-09-01 6:00,20.1,92
2022-09-01 7:00,20.1,92
2022-09-01 8:00,20.7,87
2022-09-01 9:00,21.1,88
2022-09-01 10:00,21.7,82
2022-09-01 11:00,23.6,75
2022-09-01 12:00,24.9,67
2022-09-01 13:00,25.1,67
2022-09-01 14:00,25.9,65
2022-09-01 15:00,26.7,62
2022-09-01 16:00,27.4,57
2022-09-01 17:00,26.7,66
2022-09-01 18:00,25.1,68
2022-09-01 19:00,23.9,65
2022-09-01 20:00,23.1,70
2022-09-01 21:00,21.8,81
2022-09-01 22:00,20.9,84
2022-09-01 23:00,20.2,87
2022-09-02 0:00,19.7,89
2022-09-02 1:00,19.5,89
2022-09-02 2:00,18.8,91
2022-09-02 3:00,18.4,93
2022-09-02 4:00,18.4,93
2022-09-02 5:00,18.6,90
2022-09-02 6:00,18.9,90
2022-09-02 7:00,19.4,86
2022-09-02 8:00,21.0,78
2022-09-02 9:00,21.8,74
2022-09-02 10:00,24.3,65
2022-09-02 11:00,25.5,60
2022-09-02 12:00,25.3,62
2022-09-02 13:00,25.7,60
2022-09-02 14:00,25.3,60
2022-09-02 15:00,26.3,61
2022-09-02 16:00,26.4,57
2022-09-02 17:00,25.5,58
2022-09-02 18:00,24.7,61
2022-09-02 19:00,24.0,63
2022-09-02 20:00,23.5,63
2022-09-02 21:00,23.1,66
2022-09-02 22:00,22.8,65
2022-09-02 23:00,22.9,65
2022-09-03 0:00,22.3,69
2022-09-03 1:00,22.2,69
2022-09-03 2:00,22.0,72
2022-09-03 3:00,21.9,72
2022-09-03 4:00,21.9,73
2022-09-03 5:00,21.9,72
2022-09-03 6:00,21.4,75
2022-09-03 7:00,22.5,71
2022-09-03 8:00,22.6,70
2022-09-03 9:00,25.0,63
2022-09-03 10:00,25.3,66
2022-09-03 11:00,25.3,69
2022-09-03 12:00,25.6,65
2022-09-03 13:00,26.3,63
2022-09-03 14:00,25.7,66
2022-09-03 15:00,25.6,66
2022-09-03 16:00,25.1,68
2022-09-03 17:00,24.4,70
2022-09-03 18:00,23.8,69
2022-09-03 19:00,23.4,69
2022-09-03 20:00,23.0,71
2022-09-03 21:00,22.5,73
2022-09-03 22:00,20.8,86
2022-09-03 23:00,21.2,81
2022-09-04 0:00,21.5,79
2022-09-04 1:00,21.4,79
2022-09-04 2:00,21.5,78
2022-09-04 3:00,21.6,79
2022-09-04 4:00,21.6,78
2022-09-04 5:00,21.7,79
2022-09-04 6:00,22.0,78
2022-09-04 7:00,21.7,80
2022-09-04 8:00,22.1,79
2022-09-04 9:00,22.0,83
2022-09-04 10:00,23.1,81
2022-09-04 11:00,24.8,78
2022-09-04 12:00,25.5,76
2022-09-04 13:00,27.1,72
2022-09-04 14:00,27.4,72
2022-09-04 15:00,27.4,73
2022-09-04 16:00,27.7,73
2022-09-04 17:00,27.6,75
2022-09-04 18:00,27.4,77
2022-09-04 19:00,27.0,75
2022-09-04 20:00,26.6,77
2022-09-04 21:00,26.1,78
2022-09-04 22:00,25.5,74
2022-09-04 23:00,24.8,78
2022-09-05 0:00,23.6,87
2022-09-05 1:00,23.0,93
2022-09-05 2:00,22.8,94
2022-09-05 3:00,22.6,94
2022-09-05 4:00,22.5,93
2022-09-05 5:00,22.2,95
2022-09-05 6:00,22.2,95
2022-09-05 7:00,22.1,95
2022-09-05 8:00,22.4,95
2022-09-05 9:00,23.0,93
2022-09-05 10:00,23.5,92
2022-09-05 11:00,24.2,91
2022-09-05 12:00,24.9,91
2022-09-05 13:00,25.3,88
2022-09-05 14:00,25.1,90
2022-09-05 15:00,24.5,92
2022-09-05 16:00,24.2,93
2022-09-05 17:00,24.1,94
2022-09-05 18:00,23.9,94
2022-09-05 19:00,23.4,93
2022-09-05 20:00,22.5,93
2022-09-05 21:00,20.6,93
2022-09-05 22:00,19.3,94
2022-09-05 23:00,18.8,94
2022-09-06 0:00,18.7,95
2022-09-06 1:00,18.9,94
2022-09-06 2:00,18.6,93
2022-09-06 3:00,18.0,94
2022-09-06 4:00,17.5,94
2022-09-06 5:00,17.2,93
2022-09-06 6:00,17.3,91
2022-09-06 7:00,17.5,93
2022-09-06 8:00,17.8,91
2022-09-06 9:00,18.3,91
2022-09-06 10:00,18.8,88
2022-09-06 11:00,20.2,81
2022-09-06 12:00,21.7,73
2022-09-06 13:00,23.2,66
2022-09-06 14:00,25.3,58
2022-09-06 15:00,25.1,58
2022-09-06 16:00,25.8,56
2022-09-06 17:00,25.3,52
2022-09-06 18:00,24.2,57
2022-09-06 19:00,22.4,66
2022-09-06 20:00,21.2,73
2022-09-06 21:00,19.4,82
2022-09-06 22:00,17.9,90
2022-09-06 23:00,17.5,91
2022-09-07 0:00,17.5,92
2022-09-07 1:00,17.6,93
2022-09-07 2:00,16.9,94
2022-09-07 3:00,16.3,94
2022-09-07 4:00,16.3,95
2022-09-07 5:00,16.0,95
2022-09-07 6:00,15.9,95
2022-09-07 7:00,16.5,95
2022-09-07 8:00,18.7,88
2022-09-07 9:00,20.8,82
2022-09-07 10:00,22.7,72
2022-09-07 11:00,24.1,64
2022-09-07 12:00,25.4,50
2022-09-07 13:00,26.0,40
2022-09-07 14:00,27.3,42
2022-09-07 15:00,27.6,37
2022-09-07 16:00,27.6,41
2022-09-07 17:00,27.2,45
2022-09-07 18:00,24.2,42
2022-09-07 19:00,21.8,56
2022-09-07 20:00,20.3,61
2022-09-07 21:00,20.0,54
2022-09-07 22:00,19.3,60
2022-09-07 23:00,18.0,68
2022-09-08 0:00,17.1,74
2022-09-08 1:00,16.3,79
2022-09-08 2:00,15.9,82
2022-09-08 3:00,15.1,87
2022-09-08 4:00,15.1,88
2022-09-08 5:00,14.7,91
2022-09-08 6:00,14.4,92
2022-09-08 7:00,15.4,89
2022-09-08 8:00,17.7,77
2022-09-08 9:00,21.0,73
2022-09-08 10:00,22.9,64
2022-09-08 11:00,24.5,53
2022-09-08 12:00,26.7,47
2022-09-08 13:00,28.4,40
2022-09-08 14:00,29.0,40
2022-09-08 15:00,29.2,38
2022-09-08 16:00,29.0,39
2022-09-08 17:00,28.2,40
2022-09-08 18:00,26.5,50
2022-09-08 19:00,24.2,60
2022-09-08 20:00,22.7,68
2022-09-08 21:00,22.9,62
2022-09-08 22:00,21.3,72
2022-09-08 23:00,20.3,78
2022-09-09 0:00,20.0,81
2022-09-09 1:00,19.3,85
2022-09-09 2:00,18.7,89
2022-09-09 3:00,18.5,90
2022-09-09 4:00,18.0,92
2022-09-09 5:00,17.5,92
2022-09-09 6:00,17.6,92
2022-09-09 7:00,17.8,91
2022-09-09 8:00,20.6,78
2022-09-09 9:00,22.3,66
2022-09-09 10:00,24.5,51
2022-09-09 11:00,25.5,51
2022-09-09 12:00,27.0,50
2022-09-09 13:00,28.0,38
2022-09-09 14:00,28.5,40
2022-09-09 15:00,29.1,36
2022-09-09 16:00,28.6,36
2022-09-09 17:00,27.6,40
2022-09-09 18:00,25.7,48
2022-09-09 19:00,24.8,52
2022-09-09 20:00,23.0,63
2022-09-09 21:00,21.9,68
2022-09-09 22:00,22.0,67
2022-09-09 23:00,21.7,60
2022-09-10 0:00,21.3,56
2022-09-10 1:00,20.7,61
2022-09-10 2:00,20.3,66
2022-09-10 3:00,19.8,70
2022-09-10 4:00,19.4,72
2022-09-10 5:00,18.6,76
2022-09-10 6:00,18.1,81
2022-09-10 7:00,18.8,80
2022-09-10 8:00,20.1,73
2022-09-10 9:00,21.9,64
2022-09-10 10:00,22.4,61
2022-09-10 11:00,22.0,62
2022-09-10 12:00,24.7,55
2022-09-10 13:00,25.8,51
2022-09-10 14:00,25.8,54
2022-09-10 15:00,25.0,48
2022-09-10 16:00,24.7,52
2022-09-10 17:00,24.5,55
2022-09-10 18:00,23.3,58
2022-09-10 19:00,22.6,60
2022-09-10 20:00,22.2,62
2022-09-10 21:00,21.9,61
2022-09-10 22:00,21.7,60
2022-09-10 23:00,21.4,58
2022-09-11 0:00,21.4,60
2022-09-11 1:00,21.5,56
2022-09-11 2:00,21.2,60
2022-09-11 3:00,20.7,63
2022-09-11 4:00,20.6,65
2022-09-11 5:00,20.5,69
2022-09-11 6:00,20.7,69
2022-09-11 7:00,20.1,73
2022-09-11 8:00,21.6,72
2022-09-11 9:00,22.7,64
2022-09-11 10:00,25.1,56
2022-09-11 11:00,26.3,54
2022-09-11 12:00,27.4,51
2022-09-11 13:00,28.2,57
2022-09-11 14:00,27.1,54
2022-09-11 15:00,28.3,51
2022-09-11 16:00,27.1,57
2022-09-11 17:00,26.4,60
2022-09-11 18:00,26.0,61
2022-09-11 19:00,25.2,67
2022-09-11 20:00,24.4,70
2022-09-11 21:00,23.7,74
2022-09-11 22:00,23.4,76
2022-09-11 23:00,23.0,77
2022-09-12 0:00,22.4,82
2022-09-12 1:00,21.4,92
2022-09-12 2:00,21.2,94
2022-09-12 3:00,21.1,94
2022-09-12 4:00,21.1,95
2022-09-12 5:00,20.8,94
2022-09-12 6:00,20.6,92
2022-09-12 7:00,20.6,91
2022-09-12 8:00,21.0,88
2022-09-12 9:00,22.2,84
2022-09-12 10:00,23.3,76
2022-09-12 11:00,24.4,72
2022-09-12 12:00,24.9,72
2022-09-12 13:00,25.4,70
2022-09-12 14:00,25.8,66
2022-09-12 15:00,25.3,73
2022-09-12 16:00,25.0,75
2022-09-12 17:00,24.7,77
2022-09-12 18:00,24.2,78
2022-09-12 19:00,23.3,83
2022-09-12 20:00,22.8,85
2022-09-12 21:00,22.4,86
2022-09-12 22:00,22.4,87
2022-09-12 23:00,22.3,88
2022-09-13 0:00,22.2,89
2022-09-13 1:00,22.1,84
2022-09-13 2:00,21.9,85
2022-09-13 3:00,21.4,88
2022-09-13 4:00,21.7,85
2022-09-13 5:00,21.4,86
2022-09-13 6:00,21.2,88
2022-09-13 7:00,21.4,87
2022-09-13 8:00,22.4,83
2022-09-13 9:00,23.6,76
2022-09-13 10:00,24.7,69
2022-09-13 11:00,26.5,59
2022-09-13 12:00,27.3,60
2022-09-13 13:00,28.2,52
2022-09-13 14:00,27.5,59
2022-09-13 15:00,27.1,62
2022-09-13 16:00,27.0,64
2022-09-13 17:00,26.3,65
2022-09-13 18:00,25.9,65
2022-09-13 19:00,25.5,62
2022-09-13 20:00,25.1,61
2022-09-13 21:00,24.8,64
2022-09-13 22:00,25.0,60
2022-09-13 23:00,24.7,57
2022-09-14 0:00,24.5,52
2022-09-14 1:00,24.1,48
2022-09-14 2:00,24.0,39
2022-09-14 3:00,23.4,38
2022-09-14 4:00,23.2,41
2022-09-14 5:00,23.2,41
2022-09-14 6:00,23.0,43
2022-09-14 7:00,22.8,49
2022-09-14 8:00,23.0,45
2022-09-14 9:00,24.3,43
2022-09-14 10:00,25.4,43
2022-09-14 11:00,27.4,44
2022-09-14 12:00,28.6,44
2022-09-14 13:00,27.6,47
2022-09-14 14:00,27.8,48
2022-09-14 15:00,28.4,45
2022-09-14 16:00,27.5,40
2022-09-14 17:00,26.8,43
2022-09-14 18:00,25.9,47
2022-09-14 19:00,25.0,47
2022-09-14 20:00,24.5,47
2022-09-14 21:00,23.9,52
2022-09-14 22:00,23.2,57
2022-09-14 23:00,22.7,61
2022-09-15 0:00,22.3,64
2022-09-15 1:00,22.4,64
2022-09-15 2:00,22.4,65
2022-09-15 3:00,21.9,68
2022-09-15 4:00,22.1,68
2022-09-15 5:00,22.0,68
2022-09-15 6:00,21.7,69
2022-09-15 7:00,22.3,65
2022-09-15 8:00,23.9,60
2022-09-15 9:00,24.9,59
2022-09-15 10:00,26.3,53
2022-09-15 11:00,26.8,53
2022-09-15 12:00,28.4,51
2022-09-15 13:00,28.9,52
2022-09-15 14:00,29.3,54
2022-09-15 15:00,29.5,54
2022-09-15 16:00,28.5,57
2022-09-15 17:00,28.2,60
2022-09-15 18:00,27.1,62
2022-09-15 19:00,26.5,64
2022-09-15 20:00,25.9,66
2022-09-15 21:00,25.3,67
2022-09-15 22:00,24.7,68
2022-09-15 23:00,23.8,70
2022-09-16 0:00,23.0,72
2022-09-16 1:00,22.3,73
2022-09-16 2:00,21.7,74
2022-09-16 3:00,21.4,75
2022-09-16 4:00,21.6,75
2022-09-16 5:00,21.3,76
2022-09-16 6:00,21.2,78
2022-09-16 7:00,21.6,77
2022-09-16 8:00,23.7,70
2022-09-16 9:00,24.4,69
2022-09-16 10:00,26.5,65
2022-09-16 11:00,27.9,62
2022-09-16 12:00,28.7,59
2022-09-16 13:00,30.4,56
2022-09-16 14:00,31.0,56
2022-09-16 15:00,29.3,61
2022-09-16 16:00,28.7,64
2022-09-16 17:00,28.0,66
2022-09-16 18:00,27.5,68
2022-09-16 19:00,27.1,69
2022-09-16 20:00,26.6,71
2022-09-16 21:00,26.3,73
2022-09-16 22:00,25.0,83
2022-09-16 23:00,24.4,91
2022-09-17 0:00,24.2,91
2022-09-17 1:00,24.0,91
2022-09-17 2:00,23.6,92
2022-09-17 3:00,23.5,91
2022-09-17 4:00,23.4,91
2022-09-17 5:00,23.5,89
2022-09-17 6:00,23.4,90
2022-09-17 7:00,23.4,91
2022-09-17 8:00,25.7,78
2022-09-17 9:00,27.2,71
2022-09-17 10:00,29.4,62
2022-09-17 11:00,30.2,61
2022-09-17 12:00,31.0,53
2022-09-17 13:00,32.1,48
2022-09-17 14:00,31.8,53
2022-09-17 15:00,32.2,51
2022-09-17 16:00,32.6,46
2022-09-17 17:00,32.1,50
2022-09-17 18:00,29.5,69
2022-09-17 19:00,27.4,75
2022-09-17 20:00,26.6,77
2022-09-17 21:00,25.9,78
2022-09-17 22:00,25.4,79
2022-09-17 23:00,25.2,80
2022-09-18 0:00,24.8,82
2022-09-18 1:00,25.0,81
2022-09-18 2:00,24.9,82
2022-09-18 3:00,24.2,85
2022-09-18 4:00,24.0,86
2022-09-18 5:00,23.9,87
2022-09-18 6:00,23.9,87
2022-09-18 7:00,23.9,88
2022-09-18 8:00,24.8,84
2022-09-18 9:00,25.7,83
2022-09-18 10:00,26.9,77
2022-09-18 11:00,28.1,72
2022-09-18 12:00,30.3,63
2022-09-18 13:00,31.7,57
2022-09-18 14:00,31.5,55
2022-09-18 15:00,32.0,56
2022-09-18 16:00,32.5,56
2022-09-18 17:00,31.1,62
2022-09-18 18:00,29.7,64
2022-09-18 19:00,28.8,67
2022-09-18 20:00,28.1,68
2022-09-18 21:00,27.2,67
2022-09-18 22:00,26.6,66
2022-09-18 23:00,26.3,66
2022-09-19 0:00,25.7,70
2022-09-19 1:00,25.0,72
2022-09-19 2:00,24.7,71
2022-09-19 3:00,24.5,71
2022-09-19 4:00,24.3,71
2022-09-19 5:00,24.6,70
2022-09-19 6:00,24.4,72
2022-09-19 7:00,24.6,72
2022-09-19 8:00,25.8,68
2022-09-19 9:00,26.5,64
2022-09-19 10:00,28.5,57
2022-09-19 11:00,28.9,58
2022-09-19 12:00,28.6,57
2022-09-19 13:00,28.7,53
2022-09-19 14:00,29.6,48
2022-09-19 15:00,29.0,48
2022-09-19 16:00,28.2,50
2022-09-19 17:00,26.1,53
2022-09-19 18:00,24.7,54
2022-09-19 19:00,23.5,56
2022-09-19 20:00,21.9,56
2022-09-19 21:00,20.6,58
2022-09-19 22:00,19.1,65
2022-09-19 23:00,18.7,65
2022-09-20 0:00,17.7,68
2022-09-20 1:00,17.5,68
2022-09-20 2:00,16.7,71
2022-09-20 3:00,16.5,74
2022-09-20 4:00,16.3,74
2022-09-20 5:00,15.9,76
2022-09-20 6:00,15.6,78
2022-09-20 7:00,15.9,76
2022-09-20 8:00,18.3,66
2022-09-20 9:00,20.9,50
2022-09-20 10:00,22.3,43
2022-09-20 11:00,20.9,47
2022-09-20 12:00,23.1,42
2022-09-20 13:00,22.7,41
2022-09-20 14:00,24.0,37
2022-09-20 15:00,22.7,40
2022-09-20 16:00,22.4,42
2022-09-20 17:00,21.7,44
2022-09-20 18:00,20.9,51
2022-09-20 19:00,19.5,56
2022-09-20 20:00,18.4,63
2022-09-20 21:00,17.9,67
2022-09-20 22:00,16.9,73
2022-09-20 23:00,16.7,74
2022-09-21 0:00,16.1,79
2022-09-21 1:00,15.4,81
2022-09-21 2:00,14.9,84
2022-09-21 3:00,14.1,88
2022-09-21 4:00,13.6,89
2022-09-21 5:00,13.9,84
2022-09-21 6:00,13.1,89
2022-09-21 7:00,13.7,88
2022-09-21 8:00,16.8,72
2022-09-21 9:00,18.9,62
2022-09-21 10:00,20.4,56
2022-09-21 11:00,21.5,50
2022-09-21 12:00,22.4,45
2022-09-21 13:00,23.7,37
2022-09-21 14:00,24.5,40
2022-09-21 15:00,24.5,39
2022-09-21 16:00,24.2,39
2022-09-21 17:00,23.2,41
2022-09-21 18:00,21.5,45
2022-09-21 19:00,20.4,50
2022-09-21 20:00,19.2,56
2022-09-21 21:00,19.1,53
2022-09-21 22:00,18.4,49
2022-09-21 23:00,17.2,51
2022-09-22 0:00,16.8,53
2022-09-22 1:00,16.0,58
2022-09-22 2:00,15.6,62
2022-09-22 3:00,15.2,64
2022-09-22 4:00,14.6,67
2022-09-22 5:00,14.0,70
2022-09-22 6:00,13.5,73
2022-09-22 7:00,13.2,78
2022-09-22 8:00,15.8,67
2022-09-22 9:00,18.3,57
2022-09-22 10:00,20.2,53
2022-09-22 11:00,21.1,49
2022-09-22 12:00,21.8,42
2022-09-22 13:00,23.6,37
2022-09-22 14:00,23.2,40
2022-09-22 15:00,22.9,39
2022-09-22 16:00,23.0,46
2022-09-22 17:00,23.0,46
2022-09-22 18:00,20.4,54
2022-09-22 19:00,19.4,62
2022-09-22 20:00,18.6,65
2022-09-22 21:00,18.1,67
2022-09-22 22:00,17.9,68
2022-09-22 23:00,17.0,73
2022-09-23 0:00,17.0,75
2022-09-23 1:00,16.4,78
2022-09-23 2:00,15.7,81
2022-09-23 3:00,15.1,85
2022-09-23 4:00,14.7,86
2022-09-23 5:00,14.4,88
2022-09-23 6:00,14.0,90
2022-09-23 7:00,14.2,88
2022-09-23 8:00,17.4,75
2022-09-23 9:00,19.9,65
2022-09-23 10:00,22.4,51
2022-09-23 11:00,22.6,52
2022-09-23 12:00,24.4,54
2022-09-23 13:00,23.6,56
2022-09-23 14:00,22.7,63
2022-09-23 15:00,22.5,50
2022-09-23 16:00,21.5,45
2022-09-23 17:00,20.3,48
2022-09-23 18:00,17.7,51
2022-09-23 19:00,16.1,55
2022-09-23 20:00,15.8,58
2022-09-23 21:00,14.9,64
2022-09-23 22:00,14.1,69
2022-09-23 23:00,13.5,73
2022-09-24 0:00,12.8,77
2022-09-24 1:00,12.4,79
2022-09-24 2:00,12.5,80
2022-09-24 3:00,12.3,81
2022-09-24 4:00,12.4,82
2022-09-24 5:00,12.0,85
2022-09-24 6:00,11.5,87
2022-09-24 7:00,11.4,88
2022-09-24 8:00,14.5,75
2022-09-24 9:00,17.1,58
2022-09-24 10:00,19.0,51
2022-09-24 11:00,20.0,47
2022-09-24 12:00,21.7,43
2022-09-24 13:00,22.2,40
2022-09-24 14:00,23.5,32
2022-09-24 15:00,23.1,37
2022-09-24 16:00,23.3,36
2022-09-24 17:00,21.2,47
2022-09-24 18:00,20.3,50
2022-09-24 19:00,18.2,58
2022-09-24 20:00,17.5,62
2022-09-24 21:00,17.5,59
2022-09-24 22:00,17.1,63
2022-09-24 23:00,16.7,67
2022-09-25 0:00,16.2,70
2022-09-25 1:00,15.9,73
2022-09-25 2:00,15.8,74
2022-09-25 3:00,15.3,78
2022-09-25 4:00,15.1,79
2022-09-25 5:00,14.7,83
2022-09-25 6:00,14.6,84
2022-09-25 7:00,14.7,84
2022-09-25 8:00,16.2,81
2022-09-25 9:00,17.8,72
2022-09-25 10:00,19.0,68
2022-09-25 11:00,21.8,52
2022-09-25 12:00,22.4,49
2022-09-25 13:00,23.2,43
2022-09-25 14:00,24.0,42
2022-09-25 15:00,24.1,44
2022-09-25 16:00,22.9,52
2022-09-25 17:00,22.1,56
2022-09-25 18:00,20.4,58
2022-09-25 19:00,19.3,64
2022-09-25 20:00,18.5,68
2022-09-25 21:00,17.4,72
2022-09-25 22:00,16.7,72
2022-09-25 23:00,16.4,76
2022-09-26 0:00,15.8,78
2022-09-26 1:00,15.7,78
2022-09-26 2:00,15.4,82
2022-09-26 3:00,15.1,83
2022-09-26 4:00,15.2,84
2022-09-26 5:00,15.1,85
2022-09-26 6:00,15.1,87
2022-09-26 7:00,15.5,88
2022-09-26 8:00,16.5,85
2022-09-26 9:00,17.2,78
2022-09-26 10:00,18.6,73
2022-09-26 11:00,21.0,62
2022-09-26 12:00,21.9,51
2022-09-26 13:00,23.2,50
2022-09-26 14:00,24.0,45
2022-09-26 15:00,24.2,39
2022-09-26 16:00,23.9,43
2022-09-26 17:00,23.7,38
2022-09-26 18:00,22.0,47
2022-09-26 19:00,19.8,65
2022-09-26 20:00,18.6,71
2022-09-26 21:00,17.8,74
2022-09-26 22:00,17.2,77
2022-09-26 23:00,16.4,80
2022-09-27 0:00,15.9,82
2022-09-27 1:00,15.3,87
2022-09-27 2:00,14.5,88
2022-09-27 3:00,14.2,89
2022-09-27 4:00,13.8,90
2022-09-27 5:00,13.5,90
2022-09-27 6:00,13.0,93
2022-09-27 7:00,13.1,92
2022-09-27 8:00,15.0,89
2022-09-27 9:00,17.0,85
2022-09-27 10:00,20.1,67
2022-09-27 11:00,22.8,55
2022-09-27 12:00,23.9,53
2022-09-27 13:00,26.7,40
2022-09-27 14:00,27.1,36
2022-09-27 15:00,28.1,34
2022-09-27 16:00,27.7,31
2022-09-27 17:00,26.1,34
2022-09-27 18:00,24.2,39
2022-09-27 19:00,22.8,48
2022-09-27 20:00,20.1,60
2022-09-27 21:00,18.6,64
2022-09-27 22:00,17.6,70
2022-09-27 23:00,16.9,75
2022-09-28 0:00,16.2,78
2022-09-28 1:00,15.5,82
2022-09-28 2:00,14.9,86
2022-09-28 3:00,14.7,87
2022-09-28 4:00,14.4,88
2022-09-28 5:00,14.2,89
2022-09-28 6:00,14.4,88
2022-09-28 7:00,14.5,89
2022-09-28 8:00,16.3,82
2022-09-28 9:00,18.9,71
2022-09-28 10:00,21.1,65
2022-09-28 11:00,21.9,60
2022-09-28 12:00,22.8,57
2022-09-28 13:00,24.3,52
2022-09-28 14:00,24.5,51
2022-09-28 15:00,24.8,52
2022-09-28 16:00,24.8,50
2022-09-28 17:00,24.2,53
2022-09-28 18:00,22.2,64
2022-09-28 19:00,20.9,70
2022-09-28 20:00,19.5,78
2022-09-28 21:00,19.0,82
2022-09-28 22:00,18.1,86
2022-09-28 23:00,17.3,88
2022-09-29 0:00,16.6,90
2022-09-29 1:00,16.0,92
2022-09-29 2:00,15.5,92
2022-09-29 3:00,15.4,93
2022-09-29 4:00,15.0,93
2022-09-29 5:00,14.5,93
2022-09-29 6:00,14.3,95
2022-09-29 7:00,14.4,95
2022-09-29 8:00,15.9,94
2022-09-29 9:00,17.1,87
2022-09-29 10:00,18.2,82
2022-09-29 11:00,20.7,74
2022-09-29 12:00,23.0,62
2022-09-29 13:00,25.2,57
2022-09-29 14:00,24.9,50
2022-09-29 15:00,25.7,45
2022-09-29 16:00,25.1,43
2022-09-29 17:00,24.4,49
2022-09-29 18:00,21.7,56
2022-09-29 19:00,20.0,66
2022-09-29 20:00,18.6,71
2022-09-29 21:00,17.6,75
2022-09-29 22:00,17.0,79
2022-09-29 23:00,16.4,83
2022-09-30 0:00,15.7,86
2022-09-30 1:00,15.3,88
2022-09-30 2:00,14.9,91
2022-09-30 3:00,14.4,91
2022-09-30 4:00,14.1,93
2022-09-30 5:00,13.9,92
2022-09-30 6:00,13.6,92
2022-09-30 7:00,13.4,94
2022-09-30 8:00,14.7,96
2022-09-30 9:00,16.5,91
2022-09-30 10:00,19.0,78
2022-09-30 11:00,22.6,63
2022-09-30 12:00,24.6,53
2022-09-30 13:00,26.6,43
2022-09-30 14:00,28.0,24
2022-09-30 15:00,28.7,23
2022-09-30 16:00,28.0,34
2022-09-30 17:00,26.2,40
2022-09-30 18:00,23.3,46
2022-09-30 19:00,20.8,57
2022-09-30 20:00,19.1,61
2022-09-30 21:00,18.0,66
2022-09-30 22:00,16.9,72
2022-09-30 23:00,16.2,75
2022-10-01 0:00,16.0,76
2022-10-01 1:00,15.4,81
2022-10-01 2:00,14.7,84
2022-10-01 3:00,14.4,86
2022-10-01 4:00,13.8,88
2022-10-01 5:00,13.5,90
2022-10-01 6:00,13.3,90
2022-10-01 7:00,13.4,90
2022-10-01 8:00,15.9,81
2022-10-01 9:00,18.7,72
2022-10-01 10:00,21.3,62
2022-10-01 11:00,23.7,48
2022-10-01 12:00,26.4,47
2022-10-01 13:00,25.9,43
2022-10-01 14:00,27.8,35
2022-10-01 15:00,27.5,29
2022-10-01 16:00,26.4,41
2022-10-01 17:00,25.9,36
2022-10-01 18:00,22.9,49
2022-10-01 19:00,21.0,54
2022-10-01 20:00,20.1,61
2022-10-01 21:00,19.7,63
2022-10-01 22:00,18.8,71
2022-10-01 23:00,18.5,69
2022-10-02 0:00,17.7,75
2022-10-02 1:00,16.9,82
2022-10-02 2:00,17.2,81
2022-10-02 3:00,17.3,81
2022-10-02 4:00,17.3,82
2022-10-02 5:00,17.4,84
2022-10-02 6:00,17.2,86
2022-10-02 7:00,17.4,87
2022-10-02 8:00,18.2,81
2022-10-02 9:00,19.3,77
2022-10-02 10:00,21.4,68
2022-10-02 11:00,24.9,49
2022-10-02 12:00,26.1,45
2022-10-02 13:00,27.0,43
2022-10-02 14:00,26.6,46
2022-10-02 15:00,25.3,54
2022-10-02 16:00,25.3,52
2022-10-02 17:00,24.9,54
2022-10-02 18:00,24.7,51
2022-10-02 19:00,24.0,49
2022-10-02 20:00,23.5,51
2022-10-02 21:00,19.9,82
2022-10-02 22:00,19.3,84
2022-10-02 23:00,18.8,84
2022-10-03 0:00,18.8,92
2022-10-03 1:00,19.0,92
2022-10-03 2:00,18.8,92
2022-10-03 3:00,18.2,94
2022-10-03 4:00,18.7,95
2022-10-03 5:00,18.9,95
2022-10-03 6:00,19.3,95
2022-10-03 7:00,19.5,96
2022-10-03 8:00,20.7,96
2022-10-03 9:00,21.5,94
2022-10-03 10:00,23.0,92
2022-10-03 11:00,24.5,84
2022-10-03 12:00,25.7,73
2022-10-03 13:00,25.6,73
2022-10-03 14:00,25.7,74
2022-10-03 15:00,25.8,73
2022-10-03 16:00,25.9,75
2022-10-03 17:00,25.3,77
2022-10-03 18:00,25.2,79
2022-10-03 19:00,24.8,80
2022-10-03 20:00,24.7,78
2022-10-03 21:00,24.7,76
2022-10-03 22:00,23.0,88
2022-10-03 23:00,22.3,93
2022-10-04 0:00,22.2,93
2022-10-04 1:00,22.1,93
2022-10-04 2:00,22.5,89
2022-10-04 3:00,23.4,83
2022-10-04 4:00,23.2,85
2022-10-04 5:00,22.2,94
2022-10-04 6:00,21.9,96
2022-10-04 7:00,21.5,95
2022-10-04 8:00,20.6,92
2022-10-04 9:00,19.8,90
2022-10-04 10:00,19.1,91
2022-10-04 11:00,20.1,82
2022-10-04 12:00,22.1,72
2022-10-04 13:00,21.1,75
2022-10-04 14:00,22.8,65
2022-10-04 15:00,22.2,63
2022-10-04 16:00,21.5,66
2022-10-04 17:00,20.1,70
2022-10-04 18:00,18.7,74
2022-10-04 19:00,17.8,73
2022-10-04 20:00,17.1,72
2022-10-04 21:00,16.4,77
2022-10-04 22:00,16.1,76
2022-10-04 23:00,15.7,78
2022-10-05 0:00,15.4,76
2022-10-05 1:00,15.0,74
2022-10-05 2:00,14.7,78
2022-10-05 3:00,14.4,73
2022-10-05 4:00,14.3,72
2022-10-05 5:00,14.0,73
2022-10-05 6:00,14.0,73
2022-10-05 7:00,13.9,77
2022-10-05 8:00,13.7,79
2022-10-05 9:00,14.3,78
2022-10-05 10:00,15.6,72
2022-10-05 11:00,16.9,69
2022-10-05 12:00,18.4,61
2022-10-05 13:00,19.3,55
2022-10-05 14:00,20.6,44
2022-10-05 15:00,21.4,43
2022-10-05 16:00,21.1,42
2022-10-05 17:00,19.3,49
2022-10-05 18:00,17.7,54
2022-10-05 19:00,16.0,60
2022-10-05 20:00,15.6,67
2022-10-05 21:00,14.9,73
2022-10-05 22:00,14.8,76
2022-10-05 23:00,14.5,77
2022-10-06 0:00,14.5,81
2022-10-06 1:00,14.4,80
2022-10-06 2:00,14.3,81
2022-10-06 3:00,14.2,83
2022-10-06 4:00,14.1,85
2022-10-06 5:00,14.1,86
2022-10-06 6:00,14.0,85
2022-10-06 7:00,14.1,86
2022-10-06 8:00,14.8,84
2022-10-06 9:00,15.6,80
2022-10-06 10:00,16.1,79
2022-10-06 11:00,17.6,72
2022-10-06 12:00,19.9,59
2022-10-06 13:00,19.7,50
2022-10-06 14:00,21.1,47
2022-10-06 15:00,19.8,58
2022-10-06 16:00,19.2,58
2022-10-06 17:00,18.4,63
2022-10-06 18:00,17.8,63
2022-10-06 19:00,17.3,68
2022-10-06 20:00,16.2,76
2022-10-06 21:00,15.9,78
2022-10-06 22:00,15.9,76
2022-10-06 23:00,15.4,81
2022-10-07 0:00,15.1,81
2022-10-07 1:00,15.3,76
2022-10-07 2:00,15.1,77
2022-10-07 3:00,14.8,78
2022-10-07 4:00,14.8,79
2022-10-07 5:00,14.4,82
2022-10-07 6:00,14.3,81
2022-10-07 7:00,13.1,88
2022-10-07 8:00,14.9,73
2022-10-07 9:00,16.4,65
2022-10-07 10:00,16.4,62
2022-10-07 11:00,17.6,57
2022-10-07 12:00,17.8,55
2022-10-07 13:00,17.8,49
2022-10-07 14:00,19.3,45
2022-10-07 15:00,20.4,40
2022-10-07 16:00,18.2,49
2022-10-07 17:00,17.3,57
2022-10-07 18:00,16.2,62
2022-10-07 19:00,15.1,66
2022-10-07 20:00,14.5,67
2022-10-07 21:00,14.1,65
2022-10-07 22:00,13.5,64
2022-10-07 23:00,13.1,70
2022-10-08 0:00,12.4,75
2022-10-08 1:00,11.6,78
2022-10-08 2:00,11.1,82
2022-10-08 3:00,10.5,84
2022-10-08 4:00,10.5,85
2022-10-08 5:00,10.3,88
2022-10-08 6:00,9.8,89
2022-10-08 7:00,10.4,87
2022-10-08 8:00,14.0,68
2022-10-08 9:00,16.1,61
2022-10-08 10:00,17.6,52
2022-10-08 11:00,19.3,48
2022-10-08 12:00,20.5,45
2022-10-08 13:00,20.6,43
2022-10-08 14:00,20.4,44
2022-10-08 15:00,20.9,45
2022-10-08 16:00,21.1,39
2022-10-08 17:00,19.1,45
2022-10-08 18:00,17.7,51
2022-10-08 19:00,17.5,52
2022-10-08 20:00,17.1,54
2022-10-08 21:00,16.4,56
2022-10-08 22:00,15.6,57
2022-10-08 23:00,15.1,59
2022-10-09 0:00,14.7,61
2022-10-09 1:00,14.6,61
2022-10-09 2:00,14.2,63
2022-10-09 3:00,14.0,63
2022-10-09 4:00,13.8,65
2022-10-09 5:00,13.9,64
2022-10-09 6:00,13.8,65
2022-10-09 7:00,13.3,71
2022-10-09 8:00,12.1,87
2022-10-09 9:00,12.0,89
2022-10-09 10:00,12.3,88
2022-10-09 11:00,13.2,89
2022-10-09 12:00,13.7,80
2022-10-09 13:00,14.2,83
2022-10-09 14:00,13.9,86
2022-10-09 15:00,13.5,91
2022-10-09 16:00,13.7,92
2022-10-09 17:00,13.5,91
2022-10-09 18:00,13.4,94
2022-10-09 19:00,13.3,94
2022-10-09 20:00,13.2,94
2022-10-09 21:00,12.4,91
2022-10-09 22:00,11.3,91
2022-10-09 23:00,10.9,89
2022-10-10 0:00,10.9,89
2022-10-10 1:00,10.9,90
2022-10-10 2:00,11.0,85
2022-10-10 3:00,11.1,81
2022-10-10 4:00,10.9,77
2022-10-10 5:00,10.7,74
2022-10-10 6:00,10.8,65
2022-10-10 7:00,10.4,69
2022-10-10 8:00,10.8,65
2022-10-10 9:00,11.5,57
2022-10-10 10:00,11.7,64
2022-10-10 11:00,12.7,51
2022-10-10 12:00,12.5,45
2022-10-10 13:00,13.3,49
2022-10-10 14:00,10.2,74
2022-10-10 15:00,12.6,64
2022-10-10 16:00,13.6,57
2022-10-10 17:00,9.9,76
2022-10-10 18:00,9.4,73
2022-10-10 19:00,8.7,79
2022-10-10 20:00,9.5,73
2022-10-10 21:00,9.7,72
2022-10-10 22:00,9.7,71
2022-10-10 23:00,9.8,69
2022-10-11 0:00,9.7,72
2022-10-11 1:00,9.4,78
2022-10-11 2:00,10.0,73
2022-10-11 3:00,10.1,71
2022-10-11 4:00,9.4,75
2022-10-11 5:00,9.6,79
2022-10-11 6:00,9.0,82
2022-10-11 7:00,8.5,85
2022-10-11 8:00,9.6,83
2022-10-11 9:00,11.0,69
2022-10-11 10:00,12.3,61
2022-10-11 11:00,13.8,58
2022-10-11 12:00,15.5,53
2022-10-11 13:00,16.4,49
2022-10-11 14:00,17.7,44
2022-10-11 15:00,18.0,42
2022-10-11 16:00,18.2,40
2022-10-11 17:00,15.8,49
2022-10-11 18:00,13.6,60
2022-10-11 19:00,11.9,67
2022-10-11 20:00,11.1,70
2022-10-11 21:00,10.3,76
2022-10-11 22:00,9.9,78
2022-10-11 23:00,9.0,84
2022-10-12 0:00,8.5,88
2022-10-12 1:00,7.9,90
2022-10-12 2:00,7.6,92
2022-10-12 3:00,6.9,92
2022-10-12 4:00,6.5,93
2022-10-12 5:00,6.3,94
2022-10-12 6:00,5.9,93
2022-10-12 7:00,5.7,94
2022-10-12 8:00,8.3,91
2022-10-12 9:00,9.1,87
2022-10-12 10:00,12.8,74
2022-10-12 11:00,15.4,60
2022-10-12 12:00,18.3,49
2022-10-12 13:00,19.7,45
2022-10-12 14:00,20.3,44
2022-10-12 15:00,21.3,44
2022-10-12 16:00,21.1,38
2022-10-12 17:00,19.3,47
2022-10-12 18:00,17.7,55
2022-10-12 19:00,16.4,61
2022-10-12 20:00,14.8,70
2022-10-12 21:00,13.3,79
2022-10-12 22:00,12.2,84
2022-10-12 23:00,11.6,87
2022-10-13 0:00,11.2,90
2022-10-13 1:00,10.7,92
2022-10-13 2:00,10.5,92
2022-10-13 3:00,9.9,93
2022-10-13 4:00,9.9,94
2022-10-13 5:00,9.6,95
2022-10-13 6:00,9.3,94
2022-10-13 7:00,9.3,94
2022-10-13 8:00,10.9,92
2022-10-13 9:00,13.4,85
2022-10-13 10:00,17.1,63
2022-10-13 11:00,19.1,58
2022-10-13 12:00,20.9,50
2022-10-13 13:00,21.8,43
2022-10-13 14:00,22.2,45
2022-10-13 15:00,22.3,43
2022-10-13 16:00,22.2,43
2022-10-13 17:00,20.2,51
2022-10-13 18:00,18.6,56
2022-10-13 19:00,16.7,70
2022-10-13 20:00,15.2,77
2022-10-13 21:00,14.4,81
2022-10-13 22:00,13.7,86
2022-10-13 23:00,12.9,88
2022-10-14 0:00,12.1,90
2022-10-14 1:00,11.8,91
2022-10-14 2:00,11.4,93
2022-10-14 3:00,11.0,93
2022-10-14 4:00,10.8,93
2022-10-14 5:00,10.7,93
2022-10-14 6:00,10.8,94
2022-10-14 7:00,10.8,93
2022-10-14 8:00,12.1,93
2022-10-14 9:00,14.0,81
2022-10-14 10:00,16.7,72
2022-10-14 11:00,19.4,56
2022-10-14 12:00,21.2,47
2022-10-14 13:00,21.3,44
2022-10-14 14:00,22.8,40
2022-10-14 15:00,21.2,51
2022-10-14 16:00,22.8,46
2022-10-14 17:00,20.3,59
2022-10-14 18:00,18.1,66
2022-10-14 19:00,17.6,67
2022-10-14 20:00,17.2,69
2022-10-14 21:00,16.1,78
2022-10-14 22:00,15.5,82
2022-10-14 23:00,15.0,85
2022-10-15 0:00,14.9,86
2022-10-15 1:00,14.7,87
2022-10-15 2:00,14.4,88
2022-10-15 3:00,14.4,91
2022-10-15 4:00,13.5,92
2022-10-15 5:00,13.3,93
2022-10-15 6:00,13.3,92
2022-10-15 7:00,13.3,93
2022-10-15 8:00,14.5,87
2022-10-15 9:00,16.1,82
2022-10-15 10:00,19.0,67
2022-10-15 11:00,21.0,58
2022-10-15 12:00,21.9,54
2022-10-15 13:00,24.0,50
2022-10-15 14:00,24.4,45
2022-10-15 15:00,24.3,44
2022-10-15 16:00,23.9,45
2022-10-15 17:00,22.2,56
2022-10-15 18:00,20.5,62
2022-10-15 19:00,19.8,63
2022-10-15 20:00,18.7,71
2022-10-15 21:00,18.1,73
2022-10-15 22:00,18.1,72
2022-10-15 23:00,17.6,77
2022-10-16 0:00,17.0,79
2022-10-16 1:00,16.6,82
2022-10-16 2:00,16.3,84
2022-10-16 3:00,15.9,86
2022-10-16 4:00,15.8,86
2022-10-16 5:00,15.3,89
2022-10-16 6:00,14.9,90
2022-10-16 7:00,14.8,90
2022-10-16 8:00,15.8,82
2022-10-16 9:00,17.1,76
2022-10-16 10:00,18.5,71
2022-10-16 11:00,20.6,67
2022-10-16 12:00,21.7,60
2022-10-16 13:00,23.2,57
2022-10-16 14:00,22.2,64
2022-10-16 15:00,21.3,64
2022-10-16 16:00,20.4,68
2022-10-16 17:00,19.7,63
2022-10-16 18:00,18.2,73
2022-10-16 19:00,17.7,77
2022-10-16 20:00,17.6,77
2022-10-16 21:00,17.2,80
2022-10-16 22:00,16.6,82
2022-10-16 23:00,16.1,79
2022-10-17 0:00,15.3,82
2022-10-17 1:00,14.8,83
2022-10-17 2:00,14.7,81
2022-10-17 3:00,14.9,79
2022-10-17 4:00,14.7,81
2022-10-17 5:00,14.7,81
2022-10-17 6:00,13.9,69
2022-10-17 7:00,13.1,71
2022-10-17 8:00,12.7,55
2022-10-17 9:00,13.0,54
2022-10-17 10:00,14.3,39
2022-10-17 11:00,14.6,35
2022-10-17 12:00,15.9,24
2022-10-17 13:00,16.6,18
2022-10-17 14:00,15.9,17
2022-10-17 15:00,15.6,22
2022-10-17 16:00,14.5,25
2022-10-17 17:00,12.5,36
2022-10-17 18:00,10.8,43
2022-10-17 19:00,10.1,46
2022-10-17 20:00,9.7,49
2022-10-17 21:00,8.6,56
2022-10-17 22:00,7.7,62
2022-10-17 23:00,7.2,64
2022-10-18 0:00,6.5,63
2022-10-18 1:00,6.2,64
2022-10-18 2:00,5.9,64
2022-10-18 3:00,5.7,65
2022-10-18 4:00,4.9,75
2022-10-18 5:00,4.5,78
2022-10-18 6:00,4.4,81
2022-10-18 7:00,4.3,84
2022-10-18 8:00,6.8,72
2022-10-18 9:00,10.1,54
2022-10-18 10:00,10.6,40
2022-10-18 11:00,12.2,39
2022-10-18 12:00,13.1,33
2022-10-18 13:00,14.7,33
2022-10-18 14:00,14.7,27
2022-10-18 15:00,15.1,29
2022-10-18 16:00,14.7,31
2022-10-18 17:00,12.0,38
2022-10-18 18:00,9.8,45
2022-10-18 19:00,8.5,50
2022-10-18 20:00,8.0,54
2022-10-18 21:00,6.9,67
2022-10-18 22:00,5.9,72
2022-10-18 23:00,5.4,77
